id,question,choice_a,choice_b,choice_c,choice_d,choice_e,answer,explanation,image
1,次の文は，浸透探傷試験の適用対象について述べたものである。正しいものを選べ。,チタニウム合金には適用できない。,金属以外の材料にも適用できる。,強磁性体の材料には適用できない。,多孔質でなければどんな材料でも適用できる。,,b,浸透探傷試験は，金属，非金属を含め，吸湿性が無く，探傷剤に侵さ れない材料に適用できる。,
2,次の文は，浸透探傷試験の対象となるきずについて述べたものである。正しいものを選べ。,浸透探傷試験は，試験体表面に開口したきずであれば，どのような材質にも適用して検出する ことができる。,浸透探傷試験は，表面又は表面近傍のきずであれば，どのようなきずでも検出できる。,きずの大小にかかわらず，表面の近傍であっても内部にあるきずは検出できない。,きずが開口していれば，きずの形状に関係なく検出できる。,,c,浸透探傷試験は，金属，非金属を問わず開口きずを探傷できるが， 多孔質の材料や幅が広く浅いきずなどは検出できない場合がある。,
3,次の文のうち，浸透探傷試験で最も検出しにくいきずはどのような形状を持ったものか。正しい ものを選べ。,表面開口幅は狭いが，内部にいくにしたがって空洞が広がっているきず。,表面開口幅が広く，深さの浅いきず。,表面開口幅が狭く，深さの深いきず。,表面開口幅が狭く，試験体を貫通しているきず。,,b,幅が広く浅いきずは過洗浄になりやすいため，検出が難しい,
4,次の文は，浸透探傷試験について述べたものである。正しいものを選べ。,浸透探傷試験は材料が指定された強度を有するかどうか，引張り強さを調べることができる。,浸透探傷試験は製品の製造時に現れるであろう表面きずの大きさ，深さを測定することができ る。,浸透探傷試験は製品の製造条件が正しく守られて製造されたものであるか，或いは使用中に健 全性が維持されていたかどうかを，検出されるきずを指標として評価することができる。,浸透探傷試験は機器･構造物の表面及び内面に存在するきずを検出し，これらが破壊により大災 害を起こすことを事前に防止することができる。,浸透探傷試験は適用される規格により要求されるものであり，使用者の独自の判断で行われ る。,c,製品又は使用中の保守検査における浸透探傷試験の目的は，いずれも 健全性の管理手段として実施することである。,
5,次の文は，浸透探傷試験について述べたものである。正しいものを選べ。,浸透探傷試験は表面開口きずを検出する最も優れた試験方法であるが，複雑な試験装置が必要 であるという欠点がある。,浸透液とか現像剤といった探傷剤が試験の主役であるため，試験結果は探傷技術にはあまり影 響されない。,各探傷剤はメーカーが異なった組み合わせであっても用途が同じであるので，問題なく使用で きる。,浸透探傷試験に使用される探傷剤はそれぞれの能力を最高に発揮させるように，適用方法，適 用条件を正しく守って試験を実施しないと，きず検出能力が著しく低下する試験方法である。,,d,浸透探傷試験は，複雑な試験装置を必要としない。探傷剤は同じメー カーのものを組合わせる。個々の探傷剤の性質について十分な知識を 持っていなければならない。,
6,次の文は，きずの一般的性質について述べたものである。正しいものを選べ。,内部に存在するきずは表面に存在するきずより有害である。,表面に存在するきずは内部に存在するきずより有害である。,表面に存在するきずも内部に存在するきずも有害の度合は変わらない。,表面に存在するきずだけを考慮すべきであり，内部に存在するものは考慮しない。,,b,部材に力（応力）が加わった場合，部材表面の応力が最大で，内部 に行くに従い応力は小さくなる為，表面欠陥が最も有害となる。,
7,次の文は，不連続部という用語について述べたものである。正しいものを選べ。,不連続部とは，‘きず’と同義語であり，有害なきずを表現する用語である。,不連続部とは，‘割れ’を総称した用語であり，有害なきずとして表現するものである。,不連続部と欠陥では用語の意味する内容が異なり，不連続部は無害なきずを，欠陥は有害なき ずとして使い分けている。,不連続部とは，表面の連続性を中断している状態を示した用語であり，有害なものと無害なも のが混在したきずの総称である。,,d,不連続部：物質の組織の連続性や，部品の表面の連続性を中断するも の全般をいい，有害なものと無害なものがある。 欠陥：上記不連続の中で，明らかに実用上問題があるもの。,
8,次の文は，磁粉探傷試験と比べて浸透探傷試験の方が有利であると考えられる場合について述べ たものである。正しいものを選べ。,鋳造品に発生する円形状のきずが検出対象となる場合。,鍛鋼品に発生する幅の狭い割れが検出対象となる場合。,鋼溶接部に発生する疲労割れが検出対象となる場合。,鋼構造物の溶接部のように，薄い酸化皮膜がある表面を探傷しようとする場合。,,a,浸透探傷試験は，金属材料，非金属材料を含め，探傷剤で侵されな いもの及び吸湿性のないものであればすべての材料・製品の探傷に 適用できる。また，探傷ではきずの方向性に関係なく，一度の探傷 試験ですべての方向のきずを探傷することができる。 磁粉探傷試験はピンホールのような円形状のきずは検出が困難であ る。,
9,他の非破壊試験に比べて，表面のきずの検出性について浸透探傷試験が最も有利なことは次のう ちどれか。正しいものを選べ。,材質が磁性体・非磁性体に関係なく割れの検出に最も優れた方法である。,材質が磁性体・非磁性体に関係なく円形状のきずの検出に最も優れた方法である。,材質が磁性体であれば割れの検出に最も優れた方法である。,材質が非磁性体の場合は，割れの検出はできるが円形状のきずの検出は難しい。,,b,磁性体の割れの検出に最も優れた検査方法は磁気探傷試験である。 浸透探傷試験は，材質が磁性体・非磁性体に関係なく，きずの検出が できる。,
10,次の文は，浸透探傷試験を実施する目的について述べたものである。正しいものを選べ。,浸透探傷試験を実施する目的は，表面きずを予め除去しておき，機械加工後の検査を省略する ことである｡,浸透探傷試験を定期検査で実施する目的は，使用中に材料中のきずが成長しているか，形を変 えていないかを知ることも含まれる。,浸透探傷試験を実施する目的は，きずの有無を知ることであり，きずの位置，方向，個数など はあまり必要としない。,浸透探傷試験を実施する目的は，開口した割れを検出することであり，ブローホールやスラグ 巻込みなどの検出は必要ではない。,,b,浸透探傷試験の目的は，製品の健全性の管理手段として，製品が製造 条件を正しく守られ製造されたか，使用中も健全性が維持されている かを確認することであり，機械加工後の検査を省略することは目的で はない。,
13,次の文は，界面化学に関する基礎理論について述べたものである。正しいものを選べ。,気／液，液／固のように一方が液相である界面を表面と呼ぶ。,液体の表面積を最小にしようとする力は表面張力である。,液体の表面張力は表面を形成している分子の熱エネルギーによるものである。,表面張力とは，液体が固体に付着したときに起きる現象をいう。,,b,表面：一方が気相である場合で，気/液（水面＝表面），気/固（試験体 表面など）の界面である。 液体の表面張力とは，表面を形成している自由エネルギーによるも の。また，気体中でも起きる。,
14,次の文は，界面現象について述べたものである。正しいものを選べ。,"界面とは気相, 液相, 固相のうちの2 相が接触している境界面のことを言い, 6 種類存在する。","一般に物質は気相, 液相及び固相の3 組のうち,いずれかの相を呈している。",一方が固相である界面を表面と呼んでいる。,表面張力は表面を形成している原子の運動エネルギーによって生ずる。,,b,"界面は液/液, 気/液, 気/固, 固/液, 固/固の5 種類である。また, 一方が 気相である界面を表面という。表面張力は分子の自由エネルギーによ るものである。",
15,次の文は，浸透液のぬれについて述べたものである。正しいものを選べ。,接触角が90°より大きい場合には，液体が固体表面をぬらすという。,浸透液のぬれは，固/気界面が固/液界面に置き換わることである。,固/液界面に置き換わることは，固体の表面張力が液体の表面張力より小さいことである。,ぬれの程度は液体の表面張力によって決まり，固体の表面張力の影響を受けることはない。,ぬれの程度は液体の種類と固体の種類によって決まり，固体の表面粗さとは関係ない。,b,液体が固体表面をぬらすのは接触角が90°より小さい場合である。 “ぬれ”は固体/気体から固体/液体への置換現象である。 液体が持つ表面張力より固体の表面張力が強いと固体表面の気体に 液体がとって代わる。 “ぬれ”は表面粗さによっても変わる。,
16,物質はおかれている環境の温度，圧力等で気相，液相，固相の何れかの相を呈している。次の界 面のうち表面と呼ばれるものはどれか。正しいものを選べ。,気相／気相の境界を表面と呼ぶ。,液相／固相の境界を表面と呼ぶ。,固相／固相の境界を表面と呼ぶ。,気相／液相の境界を表面と呼ぶ。,,d,一方が気相である場合（気/液，気/固界面）を表面と言う。 ただし，気/気界面は存在しない。,
17,次のうち，ぬれの現象について正しいものを選べ。,気/固界面を液/固界面に置き換える現象,液/固界面を気/固界面に置き換える現象,液/固界面を固/固界面に置き換える現象,気/固界面を固/固界面に置き換える現象,,a,固体表面の気体（空気）を液体（浸透液）に置き換える現象,
18,次の文は，浸透液の粘性と浸透現象の関係を述べたものである。正しいものを選べ。,粘性が大きくなるときずの中へ浸透する浸透速度は速くなる。,粘性が大きくなるときずの中へ浸透する浸透時間は短くなる。,粘性が小さくなるときずの中へ浸透する浸透速度は遅くなる。,粘性が小さくなるときずの中へ浸透する浸透速度は速くなる。,粘性が小さくなってもきずの中へ浸透する浸透速度・浸透時間は変わらない。,d,浸透液の粘性が小さいと浸透速度は速くなる。したがって浸透時間 は短くなる。逆に温度が低下して粘性が大きくなると，浸透速度は 遅くなる。,
19,次の文は，乳化現象について述べたものである。正しいものを選べ。,界面化学で言う乳化現象とは，2 つの性質の異なる液体が溶け合った現象をいう。,一般に言われている乳化現象とは，互いに溶け合う性質のない液体が溶け合わずに2 つに分離 している状態をいう。,乳化現象とは，例えば互いに溶け合う性質のない2 つの液体のうち，一方の液体が微粒子とな って他の液体の中に分散することをいう。,浸透探傷試験における乳化現象とは，例えば浸透液と油ベース乳化剤のように異なった種類の 液同士が混じり合っている状態をいう。,,c,乳化現象は，互いに溶け合わない性質の液体のうち，一方の液体が他 方の液体中で微粒子状に分散している状態をいう（分散とは，混じり 合っていると言うことではない）。 浸透処理工程中で，乳化現象は洗浄処理のときに起こっている。,
20,次の文は，界面について述べたものである。正しいものを選べ。,全ての物質は気体，液体，固体の何れかの相に属し，それぞれの状態を気相，液相，固相と呼 ぶ。,各々の相の境界を界面と言い，例えば，気相と液相の境界を気／液界面という。しかし，同じ 相の境界には界面を生じないため，気／気界面，液／液界面，固／固界面は存在しない。,界面のうち，気／液，液／固界面のように，一方が液相である界面を表面と呼ぶ。,液体の表面には常に表面積を最小にしようとする力が働いている。この力を自由エネルギーと いい，単位はＮ／ｍが用いられる。,,a,液/液界面，固/固界面は存在する。 （気体界面での散乱が速いため界面は存在しない） 液/液界面の例として，水と油が二層に分かれる。 固/固界面の例として，クラッド鋼などがある。,
21,次の文は，油ベース乳化剤を使った乳化処理並びに乳化現象について述べたものである。正しい ものを選べ。,乳化時間は，試験体表面の粗さ，検出すべききずの種類と大きさ，乳化剤の種類等によって決 定する。,乳化処理とは，余剰浸透液に乳化剤を適用し，洗浄処理前にあらかじめ乳化現象を起こさせて おく処理をいう。,乳化処理は，後乳化性浸透液及び水洗性浸透液に適用するもので，これにより水による洗浄処 理が可能となる。,乳化現象は，乳化処理及び洗浄処理において起こるものである。,,a,乳化剤の適用に関しては，油ベースと水ベースでは基本的に異なる異 なることを理解しておくこと。 水洗性浸透液には，乳化処理を適用しない。,
22,目の構造のうち，カメラのフィルムに相当するものは次のうちどれか。正しいものを選べ。,角膜,結膜,水晶体,網膜,脈絡膜,d,視知覚に関係する要素として網膜はとくに重要で，虹彩，水晶体，硝 子体を通した光を受けて，カメラのフィルムのように生体内にその情 報を取り込む役目を持つ。,
23,次の文は，目の構造，機能について述べたものである。正しいものを選べ。,杆体は網膜の中心部分に集中しており，解像力の優れた明瞭な色の像を見るのに働く。,錐体は網膜の中心部以外の全体に分布しており，ものの明暗を知覚するのに働く。,明るい所でものをみる場合を明所視といい，暗い所で物をみる場合を暗所視という。,明るい所から暗い所に入った場合は明順応，暗い所から明るい所に入った場合は暗順応という 現象が起こる。,灰色に近いほど彩度は高い。,c,明るい所から暗い所に入った場合は暗順応，暗い所から明るい所に 入った場合は明順応という。 巻末の【参考資料】参照,
24,次の文は，紫外線や蛍光について述べたものである。正しいものを選べ。,蛍光とは，物質に波長の長い光を当てたとき，その物質から当たった光より短い波長の光を発 する現象を言う。,蛍光物質に紫色の光を当てると黄緑色の光を発する。,蛍光浸透探傷試験で使用されるブラックライトからは315～400nm の紫外線が放射されている。,黄緑色の光の波長は600～650nm である。,,c,蛍光とは，物質に波長の短い光を当てた時，光が当たっている間だけ その物質から当たった光より長い波長の光を発する現象。 波長が 315～400nm の紫外線を当てると波長が 500～550nm 付近の黄 緑色の蛍光を発する。,
25,次の文は，前処理剤について述べたものである。正しいものを選べ。,水に溶けるものに対して水は前処理剤として使用できる。,界面活性剤を添加した水は前処理剤としては不適切である。,揮発性の高い溶剤は前処理剤として使用できない。,グリースを除去するために有機溶剤を前処理剤として使用できない。,油脂類を溶解するために水を前処理剤として使用できる。,a,溶剤除去性浸透探傷試験の除去液に使用する有機溶剤は前処理剤と しても用いられ，揮発性が高い。,
26,次の文は，浸透液について述べたものである。正しいものを選べ。,溶剤除去性浸透液の成分は，基本的には後乳化性浸透液と同じであるため，乳化剤を用いて乳 化処理を行えば水洗浄は可能となる。,水洗性浸透液は乳化剤がはじめから添加されているため，水分が混入しても性能の低下はな い。,後乳化性浸透液に水分が混入すると著しく性能が低下する。,後乳化性浸透液は有機溶剤に溶けないため溶剤除去性浸透液の代用としては使用できない。,一般に溶剤除去性浸透液に水分が混入するとゲル化して液の流動性が悪くなるため，浸透液と して使用できなくなる。,a,溶剤除去性浸透液も後乳化性浸透液も油性であるので，乳化処理を行 えば水洗可能になる。これら油性の浸透液は水分が多少混入しても， 水分は上澄み液となって二層に分かれるので，著しい性能の低下は起 こらない。,
27,次の文は，浸透液について述べたものである。正しいものを選べ。,浸透液は鉱物油で作られているので，温度が低くなるほど粘性は低くなる。,浸透液に要求される性質としては，引火点が低い方がよい。,浸透液に含まれている溶剤は，浸透性との関係はない。,水洗性浸透液で最も多量に含まれている成分は，水である。,蛍光浸透液に黄緑色に蛍光を発する染料を用いるのは，黄緑色の視感度が高いからである。,e,浸透液は鉱物油で作られているので，温度が低くなるほど粘性は高く なる。 浸透液に要求される性質としては，引火点が高い方がよい。 浸透液に含まれている溶剤は，浸透性との関係がある。 水洗性浸透液の主成分は溶剤で，水洗浄を可能にするため界面活性剤 （乳化剤）が添加されている。,
28,次の文は，浸透液の粘性について述べたものである。正しいものを選べ。,浸透液の粘性が低くなると，きずの中へ浸透するのに時間がかかる。,浸透液の粘性が高くなると，きずの中へ浸透する時間は長くなる。,浸透液の粘性と浸透時間は無関係である。,浸透液の温度と粘性は無関係である。,,b,粘性が減少すれば液体の流動速度は速くなり，浸透時間は短くな る。,
29,次の文は，浸透液に要求される性質ついて述べたものである。正しいものを選べ。,洗浄性が良いこと。,毒性が少ないこと。,揮発性が高いこと。,染色浸透液は彩度があざやかで輝度が高いこと。,,b,浸透液に要求される一般的な性質は，浸透性が良い，蛍光輝度が高 いか赤の色相があざやかで明度が高い，洗浄性または除去性がよ い，中性で腐食性がない，引火点が高い，毒性が少ない，温度安定 性がよいことである。,
30,次は，製造時にのみ発生するきずの名称について述べたものである。正しいものを選べ。,ブローホール，引き割れ，ざくきず，湯回り不良，応力腐食割れ,疲労割れ，引き割れ，クレータ割れ，溶融不良，ホット・ティア,引け巣，白点，アンダーカット，ブローホール，砂かみ,非金属介在物，クリープ割れ，ラミネーション，白点，溶込不良,ブローホール，ピンホール，エロージョン，コロージョン，孔食,c,稼働中（保守検査時）のきずには，疲労割れ，応力腐食割れ，腐 食，熱疲労割れ，クリープ割れ，エロージョン，コロージョン，キ ャビテーション，引っかききず，などがある。 製造中のきずは，上記のきずを含んでいないものを選ぶとよい。 巻末の【参考資料】参照,
31,保守検査において検出されるきずで，その製品の使用開始後に発生するきずのみの組合せはどれ か。正しいものを選べ。,疲労割れ，ラミネーション，応力腐食割れ,ラミネーション，シーム，引っかききず,応力腐食割れ，疲労割れ，引っかききず,腐食，アンダーカット，疲労割れ,,c,巻末の【参考資料】参照,
32,次の文は，浸透探傷試験で検出可能なきずについて述べたものである。正しいものを選べ。,すべての材料の表面に開口しているきずであれば必ず検出できる。,材料のうち，金属であれば表面に開口しているきずは必ず検出できるが，非金属材料の場合に は検出できない。,すべての材料の表面に開口しているきずであっても検出できない場合もある。,材料のうち，導電性の材料の表面開口きずは必ず検出できる。,,c,開口しているきずであっても，内部に異物があったり，幅が広く浅 いきずは検出できない場合がある。,
33,次の文は，用途によって使用する種々の浸透探傷剤について述べたものである｡正しいものを選 べ。,プラスチックに使用する浸透探傷剤は，追加要求としてプラスチックを溶解しない性質だけあ ればよい。,高温用浸透探傷剤の中には，300℃でも使用できるものがある。,素材用は，比較的大きなきずを対象にした浸透探傷剤である。,燃えないタイプのエアゾール製品は，不燃性の噴射ガスと不燃性の探傷剤で構成されており， 火気に対しては安全であり，環境に対しても問題がない。,,c,プラスチックに使用する浸透探傷剤は，プラスチックに対して変色， 変形，劣化などの影響を与えないことが要求される。 高温用探傷剤は，現状では250℃位までとされている。 素材用とは，鋼板製造におけるスラブなどを対象にしている。 燃えないタイプのエアゾール製品は，引火の危険性はないが，代替 フロンなどが使用されている場合があり，環境への配慮が必要とな る。,
34,次の文は，浸透探傷試験に使用される乾燥装置について述べたものである。正しいものを選べ。,乾燥器はできるだけ静かにゆっくりと乾燥させるのが良く，ファンなどで空気の流れを作るこ とはできるだけ避けた方が良い。,乾燥器を使用する本来の目的は，表面の水分の除去より，試験体の温度を上げることに重点が ある。,乾燥器内の温度は一定の方が良く，温度制御機能が必要である。,乾燥器は赤外線を使った輻射熱式方法が良い。,水分を蒸発させるためには温度設定は100℃以上に設定する。,c,浸透探傷試験に使用する乾燥機は熱風循環式のものがよい。水分を蒸 発させるための設定温度は70℃程度である。,
35,次の文は，ブラックライトについて述べたものである。正しいものを選べ。,照射される紫外線の波長域は500～550nm である。,照射される紫外線の強度は試験面で最低でも1000μW/cm2 必要である。,ブラックライトの水銀灯のスイッチはランプの寿命の点からこまめに切った方が良い。,ブラックライトは長時間利用していると次第に紫外線の強度が低下してくるが，これはフィル タが劣化してくるためである。,,b,"ブラックライトから照射される紫外線の波長域は315～400nm で,蛍光 物質に当てると500～550nm 付近の輝度の高い黄緑の蛍光を発する。 長時間点灯してもフィルターの紫外線透過率は殆ど低下しない。 ランプ点灯時間，スイッチ切入，フィルターやランプの汚れにより 紫外線の強度低下が起こる。",
36,次の文は，対比試験片について述べたものである。正しいものを選べ。,タイプ1 対比試験片は黄銅板にクロムめっきを施し，その上に保護膜として薄いニッケルめっ きを施してある｡,タイプ3 対比試験片はアルミニウム合金板を420～430℃に加熱した後，冷水により焼き割れを 発生させたものである｡,タイプ3 対比試験片の表面は極めて滑らかであり，実際の試験体表面はこれとはかけ離れたも のが多い。,タイプ3 対比試験片は割れの寸法を調整することは困難であるが，タイプ1 対比試験片はめっ き層の厚さを調整することによって，割れの深さを調整することができる｡,,d,タイプ1 対比試験片（めっき割れ）は，黄銅板にニッケルめっきを 施し，その上に保護膜として薄いクロムめっきを施している。 タイプ3 対比試験片（アルミ焼割れ）は，割れの深さを調整すること ができない｡割れを発生させる加熱温度は，520～530℃である。 巻末の【参考資料】参照,
37,次の文は，対比試験片の使用目的について不適切な内容を述べたものである。正しいものを選 べ。,自動化された浸透探傷試験のラインの各処理装置が正常に稼働しているかどうかのチェックに 使用できる。,対比試験片のきずが検出できれば，対比試験片に表示されているきずの幅と深さと同じきずが 実際の試験体にあればすべて検出されるのでその目的のために使用できる。,使用中の探傷剤の性能点検に使用される。,新しい探傷剤の選定時の性能確認に使用される。,探傷剤の購入時の性能確認に使用される。,b,対比試験片は，探傷剤の性能を比較するためと，連続して使用して いる探傷剤の性能が低下していないことを点検するために用いられ る。,
38,次の文は，対比試験片について述べたものである。正しいものを選べ。,浸透時間を求めるために用いられる。,連続して使用している探傷剤の性能が低下していないことを点検するために用いられる。,めっき割れ試験片で検出したきずの深さは試験体でのきずの深さの保証値である。,アルミ焼割れ試験片は繰返しの使用によっても，試験片の性能劣化が起こりにくい。,めっき割れ試験片は使い捨てである。,b,対比試験片は，探傷剤の性能を比較するためと，連続して使用して いる探傷剤の性能が低下していないことを点検するために用いられ る。,
39,次のうち，浸透探傷試験を行う前に把握しておく試験体の確認事項はどれか。正しいものを選べ。,試験の対象となる試験体の材料や寸法，形状，表面状態及び使用条件の情報,試験の対象となる試験体の材料や形状，表面及び内部きずの情報,試験の対象となる試験体の形状と表面状態のみの情報,試験の対象となる試験体の材料と大きさ，表面状態及び内部きずの情報,,a,適確な浸透探傷試験を行い信頼度の高い評価をするためには，試験 の対象となる試験体の材料や寸法，形状，表面状態によって適切な 試験方法が選択され，適切な手順で試験が適確に行わなければなら ない。,
40,次のうち，主として発注者が発行する文書はどれか。正しいものを選べ。,手順書と要領書,手順書と指示書,指示書,仕様書,要領書,d,仕様書：顧客が組織に要求内容を提示する文書。仕様書には適合すべ き法規，規格，作業の方法，手段が記述されている。 手順書（要領書）：仕様書の要求事項を確認するための文書。目的を達 成するための順序を一々名前を挙げて詳細に記した文書で，使用すべ き方法，装置，材料，作業の順序，判定基準及び試験記録について記 述されている。レベル3 の技術者が作成する。 指示書：非破壊検査技術者が間違いなく探傷できるようにするた め，NDT 手順書で記述されていないような部分で重要，詳細な探傷 方法等を確実に行えるよう順を追って具体的に記述されたものであ る。レベル2 以上の技術者が作成する。,
41,次のうち，誰がやっても同じ結果が得られるように具体的に分かりやすく作業の内容を示した り，作業手順に従って，順を追って作業を進める際の注意事項を示したりする文書はどれか。正し いものを選べ。,指示書,手順書,要領書,仕様書,,a,仕様書：顧客が組織に要求内容を提示する文書。仕様書には適合すべ き法規，規格，作業の方法，手段が記述されている。 手順書（要領書）：仕様書の要求事項を確認するための文書。目的を達 成するための順序を一々名前を挙げて詳細に記した文書で，使用すべ き方法，装置，材料，作業の順序，判定基準及び試験記録について記 述されている。レベル3 の技術者が作成する。 指示書：非破壊検査技術者が間違いなく探傷できるようにするため， NDT 手順書で記述されていないような部分で重要，詳細な探傷方法等 を確実に行えるよう順を追って具体的に記述されたものである。レベ ル2 以上の技術者が作成する。,
42,次の文は，試験方法の選択について述べたものである。正しいものを選べ。,試験体の使用目的，使用条件及び機器構造物の安全上の重要度等から，検出すべききずの種類 と大きさを決定し，それに適した試験方法を選択しなければならない。,試験方法を選択する場合には，コストを最優先にしなければならない。,環境条件の整備，作業性，経済性を無視してでも，最も検出精度のよい試験方法を選択すべき である。,試験方法を選択する場合には，試験体の重要性は考慮する必要があるが，材質や処理数量等は 考慮する必要がない。,,a,試験方法の選択には，環境条件の整備，作業性，経済性も十分に考慮 する必要がある。,
43,次は，どの浸透探傷試験方法を選択するか決める場合に考慮する項目を示したものである。正し いものを選べ。,試験体の温度,試験体内部のきずの有無,試験体の表面粗さ,試験体の材質,,c,浸透探傷試験の選択は，あらゆる角度から見て優劣を総合的に評価 して決める。 試験体の重要性・材質と大きさ・処理数量・試験面の粗さ・予測さ れるきずの種類と大きさ・試験環境（屋内外，換気，大気の有無）・ 電源や水道の有無・探傷剤の性能・作業性・経済性など。 選択肢の中で最も影響度の高いのは，表面粗さである。,
45,次に示す浸透探傷試験の基本的選択として正しいものを選べ。,きずの検出性に着目した場合，幅が広く浅い割れの探傷に水洗性浸透探傷試験を選択した。,疲労割れ研磨割れなど幅が非常に狭い割れの探傷に水洗性染色浸透探傷試験を選択した。,試験体に着目した場合，小型量産部品及びネジや溝など鋭角な隅部の探傷に水洗性蛍光浸透探 傷試験を選択した。,試験体に着目した場合，粗い面の探傷に後乳化性浸透探傷試験を選択した。,,c,疲労割れ，研磨割れ等の幅が非常に狭い割れの探傷には，後乳化性 蛍光浸透探傷試験，溶剤除去性蛍光浸透探傷試験が適する。 巻末の【参考資料】参照,
46,次の文は，疲労割れを検出するために大型部品や構造物を部分的に探傷する場合に最も適切な探 傷方法示したものである。正しいものを選べ。,水洗性蛍光浸透探傷試験,後乳化性蛍光浸透探傷試験,溶剤除去性蛍光浸透探傷試験,水洗性染色浸透探傷試験,,c,疲労割れ→微細なきずの探傷なので蛍光浸透探傷を選択する。 大型部品や構造物を部分的に探傷する場合→携帯性に富んだ溶剤除 去性を選択する。 したがって，溶剤除去性蛍光浸透探傷試験を選択する。,
47,次の文は，浸透探傷試験の適用対象について述べたものである。正しいものを選べ。,構造物を全面探傷する場合は，溶剤除去性浸透探傷試験が適する。,試験場所を暗くすることが困難な場合は，蛍光浸透探傷試験が適する。,幅が広く浅い割れの検出には溶剤除去性蛍光浸透探傷試験が適する。,小型量産部品やねじ，キー溝などの鋭角な隅部の探傷には水洗性蛍光浸透探傷試験が適する。,,d,参考資料「浸透探傷試験の一般的な適用対象」参照,
48,次の探傷方法において，乾燥処理を必要としない試験方法はどれか。正しいものを選べ。,水洗性蛍光浸透探傷試験・・・・・乾式現像法,後乳化性蛍光浸透探傷試験・・・・乾式現像法,溶剤除去性蛍光浸透探傷試験・・・速乾式現像法,水洗性染色浸透探傷試験・・・・・速乾式現像法,,c,溶剤除去性蛍光浸透探傷試験・速乾式現像法は検査処理中に水を使用 しないため，乾燥処理は不要である。,
49,次の項目は，水洗性蛍光浸透探傷試験・速乾式現像法の操作手順を示したものである。正しいも の選べ。,前処理－浸透処理－洗浄処理－現像処理－乾燥処理－観察－後処理,前処理－浸透処理－除去処理－現像処理－乾燥処理－観察－後処理,前処理－浸透処理－乳化処理－洗浄処理－加熱処理－観察－後処理,前処理－浸透処理－洗浄処理－乾燥処理－現像処理－観察－後処理,,d,水洗性は水による洗浄処理のため試験体表面が濡れているので，洗浄 処理後に試験体表面を乾燥させてから速乾式現像剤を適用する。 （速乾式現像剤は試験面が乾燥している状態で適用する）,
50,次の項目は，各浸透探傷試験の操作手順を示したものである。正しいものを選べ。,水洗性蛍光浸透探傷試験・乾式現像法 前処理－浸透処理－洗浄処理－現像処理－観察－後処理,溶剤除去性蛍光浸透探傷試験・湿式現像法 前処理－浸透処理－除去処理－現像処理－乾燥処理－観察－後処理,後乳化性蛍光浸透探傷試験・速乾式現像法 前処理－浸透処理－乳化処理－洗浄処理－現像処理－観察－後処理,水洗性染色浸透探傷試験･速乾式現像法 前処理－浸透処理－洗浄処理－乾燥処理－現像処理－加熱処理－観察－後処理,,b,速乾式及び乾式現像法を適用する場合は試験面が乾燥していること が必要である。 湿式現像法は現像処理後に乾燥処理を行う。 加熱処理は無現像法を適用した場合。,
51,次の文は，後乳化性蛍光浸透探傷試験の適用対象について述べたものである｡正しい組合せを選 べ｡ ① 微細な割れ，幅が広く浅い割れに適用できる｡ ② 小型の量産部品，ねじやキー溝など鋭角な隅部をもつ試験体に適用できる｡ ③ 大型部品や構造物を部分的に探傷する場合に適用できる｡ ④ 疲労割れ，研磨割れなど幅が非常に狭い割れに適用できる｡ ⑤ 水道及び電気設備のない場合に適用できる｡,①と③,①と④,②と③,③と④,,b,巻末の【参考資料】参照,
52,次の文は，浸透探傷試験の操作手順を示したものである。水洗性蛍光浸透液・湿式現像剤を適用 する場合の操作手順について，正しいものを選べ。,前処理→浸透処理→洗浄処理→現像処理→乾燥処理→観察→後処理,前処理→浸透処理→洗浄処理→乾燥処理→現像処理→観察→後処理,前処理→浸透処理→洗浄処理→加熱乾燥処理→観察→後処理,前処理→浸透処理→乳化処理→洗浄処理→現像処理→乾燥処理→観察→後処理,,a,b）は乾式現像法，速乾式現像法の場合，c）は無現像法の場合， d）の乳化処理は後乳化性浸透液の場合,
53,次の文は，前処理について述べたものである。正しいものを選べ。,高粘度のグリースの汚れは，グラインダーによる除去が効果的である。,泥，粘土等の無機質の汚れには，有機溶剤を使用して溶解除去する方法が効果的である。,粘度の高い油脂類の汚れは少量の界面活性剤を加えた水を使用して洗浄する方法が効果的であ る。,化学的な処理方法として酸洗い，アルカリ洗浄などを行った場合は中和，水洗いを行う必要が ある。,,d,高粘度のグリース及び油脂類（重油など）は超音波洗浄，蒸気脱脂に よる前処理が必要である。 巻末の【参考資料】参照,
54,次の文は，前処理について述べたものである。誤っているものを選べ。,前処理とは浸透液が表面をぬらし，きずの開口部よりきずの中に十分な浸透液を浸透させるた めに行う処理である。,粘土，泥などの汚れは除去する場合には水又は温水に水溶性界面活性剤を少量加えて用いると よい。,有機溶剤により油脂類を除去する場合は，溶解に必要な量の溶剤を使用し，溶解後溶剤が揮発 すると同時に油脂類を揮発させて除去させるのが一般的である。,指示模様に悪い影響を及ぼすような溶剤や表面処理剤を使用した場合には中和，水洗等により 十分に除去しなければならない。,有機溶剤を使用して前処理を行った場合は，きずの中に浸透した有機溶剤が完全に揮発するま で十分な時間放置するか，温風などにより強制的に乾燥させる必要がある。,c,,
55,次の文は，前処理について述べたものである。正しいものを選べ。,グリース等の油脂類は温水で除去するのがよい。,無機質の汚れは石油系溶剤で除去するのがよい。,泥・粘土類を除去するには水溶性界面活性剤を添加した温水で洗浄するとよい。,表面に発生した錆を除去するには有機溶剤がよい。,塗料はワイヤブラシで除去するのがよい。,c,巻末の【参考資料】参照,
56,次の文は，前処理について述べたものである。正しいものを選べ。,低粘度の油脂類の汚れは，洗浄液や有機溶剤による洗浄では不十分である。,高粘度の油脂類の汚れは，有機溶剤の蒸気脱脂や界面活性剤を入れた水蒸気洗浄が有効であ る。,無機質の汚れには，機械的処理や化学的処理が有効である。,固形物の汚れは，ブラッシングとか水洗性界面活性剤を使った水洗浄が有効である。,水分の除去は，ドライヤーなどを使って乾燥することが必要だが，水洗性浸透液を使用する場 合は，水分を除去しないで適用できる。,b,巻末の【参考資料】参照,
57,次は，浸透処理について述べたものである。正しいものを選べ。,浸透時間は，浸透液の種類，試験体の材質，試験体と浸透液の温度などの他に，浸透液の適用 方法も考慮して定める必要がある。,全ての浸透探傷試験における浸透時間とは，試験体に浸透液を適用してから除去処理又は洗浄 処理を開始するまでの時間を言う。,浸透処理を浸漬法で行った場合の排液処理は，余剰浸透液をあらかじめ少なくするために行う 操作である。,低温下で浸透処理を行う場合は，浸透液を適当な温度に加熱して用いるのが最も良い方法であ る。,,c,・浸透時間に浸透液の適用方法は無関係である。 ・後乳化性浸透探傷試験の場合は予備水洗及び乳化剤適用までが浸透 時間となる。 ・浸透液で試験体が濡れた状態で有れば良い。 ・低温下で浸透処理を行う場合は，試験体を温めて検査を実施する。,
59,次の文は，洗浄処理について述べたものである。正しいものを選べ。,水洗性浸透探傷試験の洗浄処理では，一般的に水圧は147～275kPa（1.5～2.8kgf/cm2）位であ る。,洗浄処理に使用される水の温度は一般的に40～60℃位であり，温度が高い程洗浄性が良い。,洗浄に要する時間は，予測されるきずの形状，大きさにより大きく異なる。,水洗性浸透探傷試験における洗浄処理の手順は，平滑な部分を先に洗い，穴やキー溝等の複雑 な部分を後で洗浄する。,,a,洗浄処理は水または温水を使用する。洗浄水の温度は10℃～40℃程度 である。 洗浄に要する時間は試験体の形状，大きさ，表面粗さ等により大きく 異なる。 シャワー法は，手作業でも使用される。,
60,次の文は，洗浄処理について述べたものである。正しいものを選べ。,洗浄水の温度は高い方がよく洗浄できるので，できるだけ100℃程度の温水で洗浄することが望 ましい。,洗浄水の水圧は147～490kPa（1.5～5.0kgf/cm2）程度で実施するのが望ましい。,複雑な形状の試験体を洗浄するときは，一般に洗浄のし難い所から始め，洗浄の容易な部分は できるだけ後で素早く行う。,洗浄時間はきず検出性能にあまり関係しないので，疑似模様の発生を避けるためにも十分時間 をかけて洗浄するのがよい。,洗浄用スプレーノズルの距離を試験面にできるだけ近づけて行うと，洗浄がスムーズに行え る。,c,洗浄水の温度は10℃～40℃程度の温水で洗浄する。 洗浄水の水圧は147～275kPa（1.5～2.8kgf/cm2）程度。,
61,次の文は，溶剤除去性蛍光浸透探傷試験における適正な除去処理の程度を確認する方法について 述べたものである。正しいものを選べ。,白色光の下で試験面を見て，浸透液の色が見えるかどうか確認する。,ブラックライトで試験面に紫外線を照射して確認する。,除去液をわずかに湿らせた白いウエスで拭き，そのウエスに紫外線を照射して確認する。,乾いた白いウエスで拭き，そのウエスに紫外線を照射して確認する。,,b,除去処理とは，試験面の余剰浸透液を除去する処理工程である。 蛍光浸透探傷試験の場合は，試験面に浸透液が残らない程度（疑似 模様が発生しない程度）をブラックライトを照射して確認して終了 とする。,
62,次の文は，各種現像法について述べたものである。正しいものを選べ。,乾式現像法における現像剤の適用方法にはエアーフライング法，浸漬法，ふりかけ法等があ る。,乾式現像法では現像粉末はきずの部分に吸着し，指示模様は時間が経過すると拡大する。,染色浸透探傷試験に適用できる現像法は湿式現像法と速乾式現像法であるが，最適な方法は湿 式現像法である。,無現像法は指示模様の拡大が全くなく，忠実にきずを再現することができ，高感度の浸透液と 組合せて使用されるため湿式現像法よりも検出力が高い。,,a,乾式現像法は現像剤がきず部にしか吸着しないため，時間による指 示模様の変化が少ない。 染色浸透探傷試験の最適な現像法は速乾式現像法である。 無現像法は現像剤を適用しないため，その代替えとして一般的には 加熱乾燥してきず中の浸透液を表面に溢れ出すようにしているが， 現像剤を適用する場合に比べて検出感度が悪い。,
63,次の文は，乾燥処理について述べたものである。正しいものを選べ。,溶剤で除去処理をしたときは，熱風等を用いて迅速に乾燥処理を行う必要がある。,乾燥処理に用いる熱風循環式乾燥器は自動温度調節機能がついており，一定の温度で均一に加 熱することができる。,熱風循環式乾燥器は試験体の温度が上がって指示模様が大きくにじむので，湿式現像法を適用 した場合には使用してはならない。,湿式現像法における乾燥処理は低温でなるべく長時間乾燥した方が指示模様のにじみが少な い。,,b,乾燥の目的には，①試験面の乾燥，②湿式現像剤の乾燥がある。 熱風循環式乾燥器を使用したときは，器内温度を70℃以下にして短 時間で乾燥させる（材厚が薄いほど乾燥温度を低くして短時間で行 う）。 電熱式や赤外線は局部的に過熱されるので好ましくない。,
64,次の文は，染色浸透探傷試験の指示模様の知覚について述べたものである。正しいものを選べ。,知覚しやすくするために，浸透液にはすべて蛍光物質が加えられている。,知覚しやすいか，しにくいかは指示模様の大きさと浸透液の色のみで決まる。,知覚しやすいか，しにくいかは指示模様の大きさとバックグラウンドの色で決まる。,知覚しやすいか，しにくいかは指示模様の大きさと試験体自身の持つ表面の色で決まる。,知覚しやすいか，しにくいかは指示模様の大きさと浸透液とバックグラウンドの色で決まる。,e,指示模様の知覚の程度は，染色浸透探傷試験では指示模様の大きさ とバックグラウンドと指示模様の色相の差により決まる。,
65,次の文は，きずの指示模様の観察について述べたものである。正しいものを選べ。,染色浸透探傷試験の場合の試験面の明るさは，通常500 lx 以上必要である。,蛍光浸透探傷試験の場合に必要とする試験面の暗さは，5 lx 以下である。,蛍光浸透探傷試験の場合の試験面での紫外線強度は，500μＷ/ｃm２以上必要である。,蛍光浸透探傷試験の場合は周囲を若干明るくする必要があるが，明るさとして通常20 lx 以上は 必要である。,,a,蛍光浸透探傷試験の観察場所は20Lx 以下の明るさにし，目も環境の 暗さに慣れてから観察を行う（暗順応）。 試験面での紫外線強度は，1000μW/cm２以上必要である。,
66,次の文は，再試験について述べたものである。正しいものを選べ。,再試験とは，きず指示模様の判定を再度やり直すことである。,同じ試験方法で再試験を行う場合は，試験結果に良い影響を与えないので，他の試験方法を選 択して行う必要がある。,再試験は指示模様がきずによるものか，疑似指示によるものかの判断が困難な場合にも行うも ので，再試験が必要な箇所の現像剤を取り除き再度前処理から行う。,試験の過程で操作手順に誤りがあった場合は，誤りのあった工程からやり直す。,,c,再試験を実施しなければならないのは，操作手順に誤りがあった場 合，きずによる指示か疑似指示かの判断が困難な場合。 再試験は，現像剤を取り除いてから必ず前処理から行う。 また，きずの中に残留している浸透液も洗浄する必要がある。,
67,次の文は，後処理について述べたものである。正しいものを選べ。,後処理をどのように行うかは，この先における試験体への悪影響の有無，この先の作業工程に おける影響を考慮して決める。,どのような場合でも後処理では試験体に付着した全ての現像剤，浸透液等の探傷剤をきれいに 除去する。,有機溶剤を使用した超音波洗浄は浸透探傷試験の後処理には使用できない。,観察が終わった試験体表面に残った湿式現像剤は，試験体にエアを強く吹き付けて後処理を行 うと効率がよい。,,a,後処理とは，必要に応じて試験体表面の現像剤を除去し，適当な表 面処理を行うことをいう。,
68,次は，微細な割れ，及び幅が広く浅い割れの検出に最も適している探傷方法を示したものであ る。正しいものを選べ。,水洗性蛍光浸透探傷試験,後乳化性蛍光浸透探傷試験,溶剤除去性蛍光浸透探傷試験,水洗性染色浸透探傷試験,溶剤除去性染色浸透探傷試験,b,微細な割れ：蛍光浸透液を使用する。 幅が広く浅いきず：後乳化性を使用する。 従って，後乳化性蛍光浸透探傷試験を選択する。 巻末の【参考資料】参照。,
69,大型鋳鋼品の部分探傷を行なう場合，最も良く使われている探傷方法はどれか。正しいものを選 べ。,水洗性蛍光浸透探傷試験,溶剤除去性蛍光浸透探傷試験,後乳化性蛍光浸透探傷試験,水洗性染色蛍光浸透探傷試験,溶剤除去性染色浸透探傷試験,e,巻末の【参考資料】参照,
70,次の文は，水エアゾール洗浄剤を用いた水洗性浸透探傷試験について述べたものである。正しい ものを選べ。,洗浄処理設備，水道設備，排水処理設備が必要である。,溶剤除去性浸透探傷試験で使用する洗浄液と同様に，水エアゾール洗浄剤は前処理にも使用で きる。,キー溝，ネジ部等形状の複雑なものや表面の粗いものに適している。,余剰浸透液の除去は一般に水エアゾール洗浄剤をスプレーで試験体に適用して除去した後，ウ エス等で拭き取る。,溶剤除去性浸透探傷試験で使用する洗浄液と比較して火災や有機溶剤の中毒に対して注意が必 要である。,c,水エアゾール洗浄剤を使用すると最小限の水を使用するので，排水 処理設備等が不要となる。 水エアゾールは水を噴射しているので油分等の除去に用いる前処理 には使用できない。,
71,次の文は，水エアゾールを用いた水洗性浸透探傷試験について述べたものである。正しいものを 選べ。,水エアゾールは，ウエスに含ませて使用し，直接試験体に吹き付けてはならない。,水エアゾールは，水ベース乳化剤と組合せて使用されるのが一般的である。,蛍光探傷試験の洗浄処理に用いる場合は，過洗浄の恐れがないのでブラックライトの照射は必 要ない。,水エアゾールは，浸透処理後まず乾いたウエスで余剰浸透液を除去した後，残った余剰浸透液 に洗浄水を一定の距離から吹き付けて洗浄する。,浸透処理した試験体に水型エアゾール洗浄液を一定の距離に保って吹き付け，次に表面に付着 している洗浄水をウエスで拭き取る。,d,水洗性浸透探傷試験を現場で適用するにあたり水スプレーの代替 として，水エアゾールを用いた水洗性浸透探傷試験が開発された。 手順は，普通の水洗性浸透探傷試験と同じであるが，水エアゾール を適用する前に余剰浸透液をできるだけウエス等で拭き取っておく ことが望ましい。 なお，水エアゾールをウエスに湿らせ余剰浸透液を拭き取ること は溶剤除去性浸透探傷試験と同じ手法となり，水洗性浸透探傷試験 の特徴を生かせないため誤りとなる。,
72,次の文は，低温下における浸透探傷試験の問題点について述べたものである。正しいものを選 べ。,浸透液の粘度低下による浸透時間の増加,速乾式現像剤の溶剤の揮発性の低下による乾燥時間の増加,洗浄液の凍結,浸透液のぬれ性の増加,スプレー缶の内圧の上昇,b,JIS Z 2343-1 では5℃程度～10℃未満を低温の範囲としており，この範 囲では洗浄液は凍結しない。 低温下では，染色浸透液よりも蛍光浸透液の方が粘度上昇は大きい。 低温用の超速乾式現像剤が開発されている。,
73,次の文は，鋳鋼品の製品検査について述べたものである。誤っているものを選べ。 類,鋳鋼品の製品検査はきずの補修と熱処理及び整形加工等があるので製造工程の出来るだけ早い 時期に実施すべきである。,鋳鋼品で割れの出やすい部分は肉厚急変部である。,鋳鋼品に発生するきずの代表的なものは疲労割れである。,鋳鋼品に見られるピンホールはガスや空気を金属中に巻き込んだことにより発生したきずであ る。,引け巣は肉厚の厚い部分など溶融金属の凝固が不均一なため凝固の遅れた部分に発生するきず である。,c,巻末の【参考資料】参照 疲労割れは稼働中に発生するきずである。,
74,次の文は，浸透探傷試験の特徴について述べたものである。正しいものを選べ。,試験体の材質が浸透探傷剤に侵されるもの，吸湿性（多孔質）なもの，非金属材料に対しても 適用することができる。,一回の探傷操作で，すべての方向のきずを検出することができる。,目で見えるような大きなきずは，必ず検出できる。,大きなきずからは大きな指示模様が現れるので，指示模様の状態からきずの深さが推定でき る。,,b,試験体の材質が浸透探傷剤に侵されることなく，吸湿性（多孔質）で なければ，非金属材料に対しても適用することができる。 目で見えるような大きなきずでも検出できないこともある。 きずによる浸透指示模様からは，きずの内部の情報（深さ）は得られ ない。また，大きなきずでも開口部の状態により小さい指示模様とし て現れることがある。,
75,次の文は，現像面を観察するのに必要な環境条件を述べたものである。正しいものを選べ。,明所視の場合，試験面の明るさは1000 lx 以上とする。,目視の角度は試験面に立てた法線と45 度以内の角度とする。,光源と目の配置で，光源の光が直接目に入らないようにする。,目と現像面間の距離は遠く離れても1 m とする。,暗所視の場合，周辺部の明るさは10 lx 以下とする。,c,"明所視の場合，試験面の明るさは500Lx 以上で10,000Lx 以下。 目視の角度は試験面に立てた法線と30 度以内。 目と試験面間の距離は25cm 以上60cm 以内。 暗所視の場合の周辺部の明るさは20Lx 以下。",
76,浸透探傷試験において，浸透指示模様の観察時の周辺部の明るさ（又は暗さ)として，次のうち 正しいものを選べ。,明所視の場合は明るくとも10000 lx 程度，暗所視の場合は20 lx 以下の暗さが望ましい。,明所視の場合は明るくとも100 lx 以下，暗所視の場合は20 lx 以下の暗さが望ましい。,明所視の場合は明るくとも10000 lx 以下，暗所視の場合は80 lx 以下の暗さが望ましい。,明所視の場合は明るくとも100 lx 以下，暗所視の場合は80 lx 以下の暗さが望ましい。,明所視，暗所視いずれの場合も，きず指示模様の明るさが十分であれば周辺部の明るさ（又は 暗さ）は，あまり影響がない。,a,明所視の場合，試験面の明るさは500Lx 以上（10000Lx 以下） 暗所視の場合の周辺部の明るさは20Lx 以下,
77,次の文は，指示模様の形状について述べたものである。正しいものを選べ。,実用上有害なきずとされる割れは，必ず線状指示模様として現れる。,製品使用上ある程度の大きさのものまで許容される円形指示模様はすべてピンホールやブロー ホールのような円形もしくは塊状のきずによるものであって，割れによって現れたものではな い。,きずが有害なものか無害なものかを判断するときには，その指示模様が線形であるか円形であ るかによって有害，無害を判定すればよい。,指示模様はきずについての一つの情報を与えてくれているだけであり，指示模様の形状，寸法 だけでその指示模様を示しているきずの実用上の影響を判断することはできない。,浸透探傷試験のJIS 規格ではきずの分類は必ず指示模様を分類した後，指示模様の寸法を測定し て行うことになる。,d,指示模様の形状は実際のきずと異なる場合があり指示模様の形状の みできずの有害性(実用上の影響の有無)の判別はできない。,
78,次の文は，疑似指示の発生原因について述べたものである。正しいものを選べ。,洗浄処理で洗浄時間が長すぎた場合。,洗浄処理で水圧が高すぎた場合。,除去処理で除去液の適用が多すぎた場合。,乳化処理で乳化時間が短すぎた場合。,,d,浸透探傷試験で現れる疑似模様は，基本的には全て洗浄不足か除去不 足が原因で発生する。 ａ）ｂ）ｃ）は，過洗浄及び過除去の要因である。,
79,次の文は，指示模様の観察・解釈・評価の中に含まれる行為について述べたものである。正しい ものを選べ。,"指示模様の解釈を行うときは, 現像塗膜を除去した後に試験面の観察を行わなければならな い。","指示模様の観察を行うときは, その発生原因を必ず特定しなければならない。","指示模様の解釈を行うときは, 判定対象となるきずによる指示模様か, 又は判定対象外となる きずによる指示模様なのかを判断し, 決めなければならない。","指示模様の観察・解釈・評価では, 判定対象とならない指示模様が認められたならば, 記録に 残す必要はない。",,c,"指示模様の観察とは,現像処理した試験体表面に適正な現像剤塗膜が 塗布されていることを確認した後,正しい観察条件の下で浸透液によ る指示の有無を調べる行為をいう。",
80,次の文は，エアゾールタイプの探傷剤の管理について述べたものである。正しいものを選べ。,性能の低下は少なく，長時間経過したものをそのまま使用できる。,浸透液についてはガス圧が低下していても液がノズルから出て，性能に変化がなければそのま ま使用してかまわない。,ガス圧が低下した現像剤については70℃程度に加熱して必要なガス圧が得られれば使用してか まわない。,現像剤については長時間経過したものをそのまま使用できる。,,b,エアゾールタイプの現像剤の内圧が低下すると噴霧能力が悪くなる ので，その場合は30℃以下の温湯で加温してから使用する。 エアゾールタイプの探傷剤を長期間使用していない場合は，特に缶内 の発錆と性能低下の可能性があるので点検する必要がある。,
81,次の文は，エアゾール製品の安全取り扱いに関連する事項を述べたものである。正しいものを選 べ。,エアゾール製品の内部圧力は25℃で100～200kPa であり，40℃以上になると爆発の恐れが出て くる。,温度低下による探傷剤の噴射圧力が弱まったときは50℃以下の温湯で加温する。,エアゾール製品の内部圧力は特に温度による変化が著しいので取り扱いや保管には注意が必要 である。,エアゾール製品の噴射ガスには不燃性のガスが使用されている。,,c,エアゾール製品の内部圧力は25℃で290～490kPa ぐらいである。 温度低下による探傷剤の噴射圧力が弱まったときは30℃以下の温湯 で加温する。温度が40℃以上となる場所には置かない。 エアゾール製品の噴射ガスには引火性のあるものとないものが使用 されている。,
82,"JIS Z 2343-1：2017による探傷剤の分類で,タイプI：蛍光浸透液,Ⅱ：染色浸透液,方法A： 水,B：油ベース乳化剤,C：有機溶剤(除去剤),D：水ベース乳化剤,フォームa：乾式,b：水溶性湿 式,c：水懸濁性湿式,d：有機溶剤ベース ,e：有機溶剤ベース に分類されている。正しい組み合わせを選べ。","Ⅰ, Ａ, e","Ⅱ, Ｃ, e","Ⅱ, Ａ, a","Ⅱ, Ｃ, a",,b,"蛍光浸透液を使用する場合の現像剤はフォームd：有機溶剤ベース(タ イプⅠ用速乾式)以外を適用する。 また,染色浸透液を使用する場合の現像剤は,フォームa：乾式は適用 しない。",
