id,question,choice_a,choice_b,choice_c,choice_d,answer,explanation
1,エックス線を発見した科学者は誰か。正しいものを一つ選べ。,レントゲン,ベクレル,キューリー夫人,ラザフォード,a,1895年：レントゲンがX線を発見。1896年：ベクレルが放射能を持つ物質を発見。1898年：キューリー夫人がラジウム、ポロニウムを発見。
2,次の文は欠陥の定義について述べたものである。正しいものを一つ選べ。,NDTの結果から判断される不完全部又は不連続部の総称を欠陥という。,品質特性が意図する状態から逸脱している部分を欠陥という。,組織、材質又は形状の連続性が途切れる部分を欠陥という。,規格、仕様書などで規定された判断基準を超え、不合格となるきずを欠陥という。,d,a)はきず（Flaw）、b)は不完全部（imperfection）、c)は不連続部（discontinuity）を指す。
3,線量当量を示す単位は次のうちどれか、正しいものを選べ。,MeV（メガエレクトロンボルト）,C／kg（クーロン毎キログラム）,Bq（ベクレル）,Sv（シーベルト）,d,シーベルト（Sv）は放射線の線量を表す単位の一つで、生体に対する影響を表す線量当量の単位である。
4,イリジウム192のエネルギー（MeV）は次のうちどれか。正しいものを一つ選べ。,1.17、1.33,0.06、0.11、0.13,0.317、0.47、0.60,0.662,c,a)はコバルト60、b)はイッテルビウム169、d)はセシウム137のエネルギーである。
5,次の文はX線のエネルギーと物質（鉄）の相互作用について述べたものである。正しいものを一つ選べ。,光電効果は、X線のエネルギーが増加するとともに増加する。,弾性散乱は、X線のエネルギーが10keV付近で最大となる。,コンプトン効果は、X線のエネルギーが10keV付近で主要な相互作用となる。,電子対生成は、X線のエネルギーが1.02MeVを超えると生じ、10MeVを超えると主要な相互作用となる。,d,10keV付近では光電効果が支配的、1MeV付近ではコンプトン効果が主要、10MeVを超えると電子対生成が主要な作用になる。
6,次の文はコンプトン効果について述べたものである。正しいものを一つ選べ。,X線又はγ線の光子が軌道電子に全エネルギーを与え、中の電子を原子の外へ飛び出させる現象をコンプトン効果といい、光子エネルギーを全て失ってX線又はγ線は消滅する。,X線又はγ線が電磁波として原子と弾性的に衝突して運動の方向を変える、すなわち散乱する現象をコンプトン効果という。,X線の光子が自由電子と作用（衝突）し、エネルギーの一部を電子に与えて原子の外に飛び出させ、光子はエネルギーを失って散乱する。この現象をコンプトン効果といい、原子の外に飛び出した電子を反跳電子という。,X線又はγ線の光子が原子核の近傍を通過するとき、陰電子と陽電子の対を作り、光子自体が消滅する現象をコンプトン効果という。この現象は入射時の光子のエネルギーが1.02MeVで生じる。,c,a)は光電効果、b)はトムソン散乱又はレイリー散乱、d)は電子対生成のことである。
7,次の文は、X線の性質について述べたものである。正しいものを一つ選べ。,硬いX線とは波長が長く透過力が強い。,硬いX線とは波長が長く透過力が弱い。,硬いX線とは波長が短く透過力が強い。,硬いX線はエネルギーが低い。,c,硬いX線は波長が短く、透過力が強く、エネルギーが高い。軟らかいX線は波長が長く、透過力が弱く、エネルギーが低い。
8,次の文はX線発生装置の管電流について述べたものである。正しいものを一つ選べ。,管電流を増減してもエックス線の強度は変わらない。,管電流を増加した場合、エックス線の波長は短くなる。,管電流を増加した場合、エックス線の波長は長くなる。,管電流を増減してもエックス線の波長は変わらない。,d,管電流の増減で強度も増減するが、線質（波長）は変化しない。
9,次の文は半価層について述べたものである。正しいものを一つ選べ。,半価層が分かるとX線の線量が分かる。,半価層が分かるとX線の線質が分かる。,半価層が分かると直ちに透過線量を求めることができる。,半価層が分かると管電圧が分かる。,b,半価層hと減弱係数μの関係はh＝0.693／μ。μは線質に影響することから半価層が分かれば線質が分かる。
10,次の文の[ア][イ]に入る正しい組合せを一つ選べ。母材の厚さ15.0mm、余盛の高さ3.0mmの鋼溶接部を撮影した。このとき散乱比nが母材部で2.0、余盛部で3.5であり、減弱係数μが4.62cm-1とすると、X線に対する試験体の半価層は[ア]mmである。また、母材部においてX線フィルムに到達する線量は、余盛部に到達する線量の[イ]倍である。,[ア]1.5 [イ]2.0,[ア]1.5 [イ]2.7,[ア]2.5 [イ]2.0,[ア]2.5 [イ]2.7,b,半価層h＝0.693／μ＝0.693／4.62＝0.15cm＝1.5mm。母材部到達線量3I1、余盛部到達線量1.125I1より、約2.7倍。
11,次の文の[ア][イ]に入る正しい組合せを一つ選べ。母材厚さ20.0mm、余盛高さ4.0mmの鋼溶接部を撮影した。母材部及び溶接部では、散乱比nがそれぞれ2.0及び3.0、透過厚さによる線質の変化はなく、半価層を2.0mmと仮定する。このとき、母材部においてX線フィルムに到達する線量は、溶接部に到達する線量の【ア】倍である。この場合、JIS Z 3104で規定する像質A級の濃度範囲1.3以上4.0以下となる条件を満足【イ】。,[ア]3.0 [イ]する,[ア]1.5 [イ]する,[ア]4.0 [イ]しない,[ア]5.0 [イ]しない,a,余盛部に対する母材部の到達線量は3.0倍。濃度1.3に対応する露出量の4.5倍で濃度4.0となるため、3.0倍は条件を満足する。
12,次の文は、白色X線（制動X線）の実効エネルギーについて述べたものである。正しいものを一つ選べ。,同一半価層を有する単色X線のエネルギーである。,X線スペクトルの最大エネルギーである。,X線スペクトルの平均エネルギーである。,管電圧の実効値である。,a,実効エネルギーとは、白色X線の線質を、白色X線の半価層と等しい半価層をもつ単一波長のX線のエネルギーで表したもの。
13,次の文のうち正しいものを一つ選べ。,白色Ｘ線の半価層は、第一半価層も第二半価層もその値は同じである。,白色Ｘ線のピークエネルギーは、管電圧によって変わらない。,減弱係数は、半価層に反比例する。,100kVを超える管電圧によって放射されるＸ線と物質との相互作用は、主に光電効果である。,c,a)第二半価層は第一半価層の2倍の厚さ。b)管電圧によって変化する。d)主にコンプトン効果である。
14,ガンマ線源は時間の経過によってどのように変化するか。次のうち正しいものを一つ選べ。,変化は生じない,線源の寸法が小さくなる,エネルギーが小さくなる,線量率が減少する,d,γ線源（放射性同位体）は時間とともに崩壊するため、放射能の強さが減少する。線源寸法およびエネルギーは変化しない。
15,次の文は、主なγ線源の半減期について述べたものである。正しいものを一つ選べ。,60Coの半減期は74日である。,192Irの半減期は74日である。,75Seの半減期は74日である。,169Ybの半減期は74日である。,b,60Co：5.2年、75Se：119.8日、169Yb：32日、192Ir：74日である。
16,γ線源192Irにより試験体の透過写真を撮影した。37日後に同じ試験体を同じ撮影配置で同じ写真濃度にするために必要な照射時間について正しいものを一つ選べ。,最初の照射時間の1.4倍とする。,最初の照射時間の1.6倍とする。,最初の照射時間の1.8倍とする。,最初の照射時間の2.0倍とする。,a,照射時間の倍率＝2^(経過日数／半減期)＝2^(37/74)≒1.4倍。
17,細いX線束が厚いアルミニウム板を透過したときの線量率をE0とする。厚さ6.0mmのアルミニウム板でしゃへいしたところ線量率がE0の1/4に減少した。このX線に対する1/10価層（cm）と減弱係数μ（cm-1）の組合せについて、次のうち正しいものを一つ選べ。,1/10価層：1.0、減弱係数：2.3,1/10価層：1.5、減弱係数：2.5,1/10価層：2.3、減弱係数：1.5,1/10価層：0.6、減弱係数：1.0,a,半価層h＝3.0mm。減弱係数μ＝0.693／h≒2.3cm-1。1/10価層H＝2.3／μ≒1.0cm。
18,白色X線による減弱曲線はどのようになるか。次のうち正しいものを一つ選べ。なお、減弱曲線は、横軸を鋼板の厚さ、縦軸をX線の強さの常用対数値で示される。,直線,上向きに凸,下向きに凸,なだらか,c,単色X線は直線的な減弱曲線になるが、白色X線は下に凸（上に凹）になる。
19,図１は散乱線を無視できるほど少なくするために、絞りの直径を小さくし、試験体を放射口に密着させた撮影配置を示す。また図２は透過試験を実施するときの通常の撮影配置を示す。図１及び図２の配置で同一条件により撮影して得られた透過写真の濃度を図１の配置の場合に1.00、図２の場合に1.87とする。図２における透過線量に対する散乱線量の比すなわち散乱比nは[ ]である。,1.2,2.4,3.6,4.8,a,X線フィルム特性曲線から露出量を読取り、n=E2/E1-1=76/35-1≒1.2。
20,極厚肉の鋼溶接部、極厚肉の鋳鋼品及びコンクリートに対して蛍光増感紙と組合せて放射線透過試験を行う場合、使用する工業用Ｘ線フィルムとして最も適するものを次のうちから一つ選べ。,フジIX50,フジIX80,フジIX100,フジIX300,d,IX300は粗粒子、超高感度フィルムで、蛍光増感紙と組み合わせて極厚肉鋼溶接部、極厚肉鋳鋼品及びコンクリート等の検査に使用される。
21,工業用X 線フィルム（ノンスクリーン形フィルム）と金属蛍光増感紙を組合せた場合の増感率は 次のうちどれか。適切なものを一つ選べ。,2～3 倍,3～10 倍,10～200 倍,0,b,a)は金属箔増感紙の増感率 c)は蛍光増感紙の増感率 なお、スクリーン形フィルムと金属蛍光増感紙を組合せた場合の 増感率は20～100 倍程度である。  参考 JSNDI レベル-Ⅱ2019（p92）  －
22,次の文は増感紙について述べたものである。正しいものを一つ選べ。,軟X 線（80kV 以下）により撮影する場合、鉛箔増感紙は使用しない。,鉛箔増感紙を使用する際、前面のものを後面のものよりも厚くする。,金属箔増感紙による増感作用は、コンプトン効果によるものである。,金属箔増感紙による増感作用は、光電効果によるものである。      7,a,b) 鉛（Pb）箔増感紙は、増感作用と散乱線防止を目的とする。フィル ム後面は後方散乱線の低減のため、前面より厚くすることがある c)，d) 2 次電子によって生じる  参考：JSNDI レベル-Ⅱ2019（p91 図4.25） JISZ3105:2003 解説5.4.2、NDT フラッシュVol.62 No.5 問1  JSNDI-Ⅱ､2017 問2.5.11 JANDT 実践演 習・解説2-9
23,試験体とX 線装置の組合せについて、適切な組合せを次のうちから一つ選べ。,鋼溶接部（厚さ50mm）－管電圧200kV のX 線装置,鋼溶接部（厚さ5mm）－管電圧60kV の軟X 線装置,アルミニウム溶接部（厚さ6mm）－管電圧200kV のX 線装置,チタン溶接部（厚さ3mm）－管電圧100kV の軟X 線装置,d,アルミニウム、チタンは通常軟X 線装置を適用する。  －
24,次の文は鋼溶接部の厚さと使用するγ 線源について述べたものである。最も適切なものを一つ選 べ。,母材の厚さが5mm 程度では60Co を使用するとよい。,母材の厚さが5 mm 程度では75Se を使用するとよい。,母材の厚さ5mm 程度では192Ir を使用するとよい。,母材の厚さ5 mm 程度には169Yb を使用するとよい。,d,X線は連続スペクトルのため、透過厚さに応じて管電圧を変えて適用す る。これに対してγ線源は線スペクトルのため透過厚さに応じて核種を 変える。薄い透過厚さではγ線のエネルギーが小さい核種、厚い透過厚 さではγ線のエネルギーが大きい核種を使用する。γ線のエネルギーは 169Yb＜75Se＜192Ir＜60Coの順で大きくなる。  参考：ISO17636像質Aの推奨厚さ及びJSNDIレベル-Ⅱ2019（p79表4.3） ・169Yb：1≦適用厚さ≦15   ・75Se：10≦適用厚さ≦40 ・192Ir：20≦適用厚さ≦100  ・60Co：40≦適用厚さ≦200 ＜補足 137Cs：25～90mm、170Tm：12～25mm（軽金属適用可）＞※ ※JANDT 実践演習・解説1.8（1.8.3、1.8.5）より引用  JSNDI-Ⅱ、2017 問4.3.3 JANDT 実践演 習・解説3-2
26,次の文は、JIS Z 4561 で規定する工業用放射線透過写真観察器について述べたものである。正し いものを選び記号で記せ。,"観察面中央の輝度が30,000 cd/m2 以上と定められているのはD10 形である。","観察面中央の輝度が30,000 cd/m2 以上と定められているのはD20 形である。","観察面中央の輝度が30,000 cd/m2 以上と定められているのはD30 形である。","観察面中央の輝度が30,000 cd/m2 以上と定められているのはD35 形である。",d,"・工業用放射線透過写真観察器は、JISZ4561 で規定されている。 ・観察器は観察面中央の明るさ（輝度）で4 種類に分類され、30,000cd/m2 以上のものはD35 形といい、透過写真の最高濃度4.0 まで対応できる。       JANDT 実践演 習・解説9-2   - 7 -  ・工業用観察器は医療用に比べて約4 倍以上明るい。 ・所定の輝度を保つために劣化による蛍光灯の交換、ほこりの清掃など のメンテナンスが必要 参考：JSNDI レベル-Ⅰ2019（p36） JIS Z 4561「工業用放射線透過写真観察器」 "
27,"溶接線長4,000mm、母材の厚さ18mm の溶接部をJIS Z 3104:1995 に従って像質A 級で撮影する。 このとき、少なくとも必要な撮影枚数をについて正しいものを一つ選べ。ただし、焦点・フィルム 間距離（L1＋L2）700mm、透過度計・フィルム間距離（L2）22mm、線源寸法（f）2.0mm、針金形透 過度計の識別最小線径（d）0.40mm とする。",8,10,12,14,c,"JIS Z 3104:1995に従って像質A級で撮影する場合、撮影配置（幾何配置） は以下を満足しなければならない。 ＜条件１＞（L1＋L2）≧m・L2 像質Aの係数m＝2f／d又は6のいずれか大きい値とする。 m＝2･2.0／0.40＝10＞6 （L1＋L2）≧m・L2 ⇒ 700≧220（10･22） したがって、（L1＋L2）=700mmは条件1を満足する。 ＜条件2＞ L1≧n・L3 （L3：有効長さ） 像質Aの係数n＝2、L1＝700－L2＝700－22＝678mm 678≧2･L3 L3≦678／2（＝339） 撮影枚数N≧4,000／339＝11.8 したがって、少なくとも12枚撮影する。  参考：JSNDI レベル-Ⅱ2019（p139～p141） JIS Z 3104:1995 附属書1 3.（附属書1 図1、表1～表3）  JSNDI-Ⅱ、2017 問2.6.1 JAN"
28,"溶接線長6,000mm、母材の厚さ15mm の溶接部をJIS Z 3104:1995 に従って像質B 級で撮影する。 このとき、少なくとも必要な撮影枚数をについて正しいものを一つ選べ。ただし、焦点・フィルム 間距離（L1＋L2）600mm、透過度計・フィルム間距離（L2）18mm、線源寸法（f）2.0mm、針金形透 過度計の識別最小線径（d）0.20mm とする。",16,21,26,31     8,d,"JIS Z 3104:1995に従って像質B級で撮影する場合、撮影配置（幾何配置） は以下を満足しなければならない。 ＜条件１＞（L1＋L2）≧m・L2 像質Bの係数m＝3f／d又は7のいずれか大きい値とする。 m＝3･2.0／0.20＝30＞7 （L1＋L2）≧m・L2 ⇒ 600≧540（30･18） したがって、（L1＋L2）=600mmは条件1を満足する。 ＜条件2＞ L1≧n・L3 （L3：有効長さ） 像質Bの係数n＝3、L1＝600－L2＝600－18＝582mm 582≧3･L3 L3≦582／3（＝194） 撮影枚数N≧6,000／194＝30.9 したがって、少なくとも31枚撮影する。  参考：問27 と同じ 同上"
29,外径400mm、母材の厚さ8.5mm、余盛高さ4.0mm の鋼管の円周継手を内部フィルム撮影法によ り、JIS Z 3104:1995 の像質A 級の規定を満足するように撮影する。試験部の線源側表面とフィルム 間の距離（L2）15mm、線源寸法（f）2.0mm とした場合、線源とフィルム間の距離（L1＋L2）につい て正しいものを一つ選べ。なお、識別最小線径（d）は0.20mm である。,300 以上,250 以上,200 以上,150 以上,d,JIS Z 3104:1995に従って鋼管円周継手を内部フィルム撮影法、像質A級 で撮影する場合、撮影配置（幾何配置）は以下を満足しなければならな い。 ＜条件＞（L1＋L2）≧m・L2 係数m＝f／dとする。 m＝2.0／0.20＝10 （L1＋L2）≧m・L2（10･15=150） したがって、（L1＋L2）≧150mmとする。  JSNDI-Ⅱ、2017 問2.6.4 JANDT 実践演 習・解説10-6   - 8 - 参考：JSNDI レベル-Ⅱ2019（p147） JIS Z 3104:1995 附属書2 3.2 NDT フラッシュVol.62 No.5 問4 
31,JIS Z 3104:1995 の像質A 級の撮影配置では、（L1＋L2）≧m・L2、m=2f／d 又は6 の大きいほうの 値を規定している。次の文はこの規定について述べたものである。正しいものを一つ選べ。 なお、L1+L2：線源とフィルム間距離、L2：試験体の線源側表面とフィルム間距離、ｆ：線源寸法、 d：識別最小線径を示す。,m=2f／d は幾何学的補正係数σが0.95 以上になる条件、6 は欠陥像の拡大率が1.20 倍以上に ならない条件を意味している。,m=2f／d は幾何学的補正係数σが0.80 以上になる条件、6 は欠陥像の拡大率が1.20 倍以上に ならない条件を意味している。,m=2f／d は幾何学的補正係数σが0.80 以上になる条件、6 は欠陥像の拡大率が1.10 倍以上に ならない条件を意味している。,m=2f／d は幾何学的補正係数σが1.10 以上になる条件、6 は欠陥像の拡大率が1.10 倍以上に ならない条件を意味している。,a,－  参考：JIS Z 3104:1995 解説3 撮影配置 NDT フラッシュVol.71 No.1 問4、Vol.58 No.6 問2 JSNDI 問題1999 問2.4.3 JANDT 実践演 習・解説10-3 
33,JIS Z 3104:1995 の撮影配置では、L1≧n・L3（n：像質A では2、像質B では3）を規定し、有効 長さL3 の端部における横割れへの放射線の入射角φ をある値以下になるように定めている。これは 横割れの検出性が低下しないように配慮したものである。ここで、像質A の入射角と像質B の入射 角について、正しい組合せを選べ。,像質A：約10° 像質B：約5.5°,像質A：約12° 像質B：約7.5°,像質A：約14° 像質B：約9.5°,像質A：約16° 像質B：約11.5°,c,－  参考：JSNDI レベル-Ⅱ2019（p139 式6.1、式6.2） JIS Z 3104:1995 解説3 撮影配置  JSNDI-Ⅱ、2017 問3.3.4，問6.2.26 JSNDI 問題1999 問2.4.3 JANDT 実践演 習・解説10-4 
34,次の文は、管円周継手をJIS Z 3104:1995 に従って撮影する場合で、横割れの検出を特に必要とす る要件について述べたものである。正しいものを一つ選べ。,内部線源撮影方法（分割撮影）を適用する場合の試験部の有効長さL3 は、線源・試験体の線 源側表面間距離L1 の1/4 以下とする。,内部線源撮影方法（分割撮影）を適用する場合の試験部の有効長さL3 は、線源・試験体の線 源側表面間距離L1 の1/3 以下とする。,内部フィルム撮影方法を適用する場合の試験部の有効長さL3 は、管の円周長さの1/12 以下と する。,二重壁片面撮影方法を適用する場合の試験部の有効長さL3 は、管の円周長さの1/4 以下とす る。,c,横割れの検出が必要な場合は、透過度計の識別最小線径、透過写真の濃 度範囲、階調計の値の規定を満足し、かつ下表の制限を満足するものと する。         参考：JSNDI レベル-Ⅱ2019（p69 表3.1） JIS Z 3104:1995 附属書2 4.4 試験部の有効長さ  JANDT 実践演 習・解説10-7   - 9 -
35,外径300mm、厚さ21mm の鋼管円周継手に対して、JIS Z 3104:1995 で規定する内部フィルム撮影 方法を用いて試験する場合の有効長さL3 は次のうちのどれか。正しいものを一つ選べ。なお、L3 は横割れの検出性を考慮して決定する。,78mm 以下,118mm 以下,158mm 以下,236mm 以下,a,内部フィルム撮影方法を適用する場合の試験部の有効長さL3 は、管の 円周長さの1/12 以下とする。 したがって、L3≦78（300・π／12＝78.5、小数点以下切り捨て）  参考：前問（問34）と同じ  JSNDI-Ⅱ、2017 問5.1.13 JANDT 実践演 習・解説10-7
36,外径100mm、厚さ4mm のアルミニウム管円周継手に対してJIS Z 3105:2003 で規定する内部フィ ルム撮影方法を用いて試験する場合の有効長さL3 は次のうちのどれか。正しいものを一つ選べ。な お、L3 は横割れの検出性を考慮して決定する。,78mm 以下,52mm 以下,39mm 以下,26mm 以下      10,d,JIS Z 3105の横割れを考慮した内部フィルム法はJISZ3104同様に管の円 周長さの1/12 以下となるように有効長さを定める。 したがって、前問（問35）と同様に L3≦26（100・π／12＝26.2、小数点以下切り捨て）  参考：JIS Z 3105：2003 附属書2 表6  同上
37,鋼管円周継手に対してJISZ3104：1995 の規定に従って試験を行う場合、試験部の有効長さL3 を 示す記号の配置について、次のうち正しいものを一つ選べ。,内部フィルム撮影方法と二重壁片面撮影方法では管の外側に配置する。,内部線源撮影方法（分割撮影、L1+L2＞内半径r）と内部フィルム撮影方法では管の内側に配置 する。,内部線源撮影方法（分割撮影、L1＋L2＜内半径r）とダブルフィルム撮影方法では管の内側に 配置する。,二重壁片面撮影方法と二重壁両面撮影方法は管の内側に配置する。,a,JIS Z 3104:1995 における試験部の有効長さL3 を示す記号の配置は以下 による。 なお、ダブルフィルム撮影方法は、一つのカセットに2 枚のフィルムを 装填して撮影する方法であり、有効長さを示す記号の配置とは関係しな い。  撮影技術 配置 単壁撮影 線源側表面 二重壁片面 管の外側 二重壁両面 内部フィルム 内部線源 （分割撮影） L1＋L2＞管半径r L1+L2＜管半径r 管の内側 参考：JIS Z 3104：1995 NDT フラッシュVol.53 No.8、Vol.69 No.9 問4、Vol.72 No.5 問5  JANDT 実践演 習・解説10-9
38,次の文はJIS Z 3104：1995 の規定に従った階調計の適用について述べたものである。正しいもの を一つ選べ。,厚さ100mm の鋼板突合せ溶接継手を像質A 級又はB 級で撮影する場合に適用し、試験部の線 源側に置くことを原則とする。,厚さ100mm の鋼板突合せ溶接継手を像質A 級又はB 級で適用し、試験部のフィルム側に置く ことを原則とする。,厚さ50mm の鋼板突合せ溶接継手を像質A 級又はB 級で撮影する場合に適用し、試験部の線 源側に置くことを原則とする。,厚さ50mm の鋼板突合せ溶接継手を像質A 級又はB 級で撮影する場合に適用し、試験部のフ ィルム側に置くことを原則とする。,d,JIS Z 3104 における階調計の適用を以下に示す。 【鋼板、管円周継手共通】 ・母材の厚さ50mm 以下に適用 ・像質の種類A 級又はB 級に適用 （管円周継手：外径100mm 以上） 区分 適用 階調計の配置（原則） 鋼板（単壁撮影） 厚さ50mm 以下 像質A 級，B 級 1 個：試験部中央付近母材 フィルム側 管円周継手 （二重壁片面） 外径100mm 以上 厚さ50mm 以下 像質A 級 1 個：試験部中央付近母材 フィルム側 管円周継手 （二重壁両面） －（適用外） －（適用外） 管円周継手 （内部線源-分割） 外径100mm 以上 像質A 級、B 級 1 個：試験部中央付近母材 フィルム側 管円周継手 （内部線源-全周） 外径100mm 以上 像質A 級，B 級 4 個(4 等分)：フィルム側 管円周継手 （内部フィルム） 外径100mm 以上 像質A 級、B 級 内部線
39,次の文はJIS Z 3104：1995 の規定に従った透過度計の適用について述べたものである。正しいも のを一つ選べ。,鋼板突合せ溶接部の撮影で、透過度計とフィルム間の距離を識別最小線径の5 倍以上離し、F の記号とともにフィルム側に置いた。,二重壁両面撮影方法による管円周溶接部の撮影で、帯形透過度計を線源側表面に置いた。,試験部の有効長さL3 の両端近傍に透過度計の最も細い線が内側になるように置いた。,内部線源撮影方法による管円周溶接部の撮影で、識別最小線径の帯形透過度計をフィルム間の 距離を識別最小線径の5 倍以上離し、F の記号とともにフィルム側表面に置いた。,b, 鋼板（単壁撮影） 原則：試験部線源側表面、溶接部を跨いで有効長さの両端付近に細い 線が外側になるように各1 個置く。 ただし、透過度計とフィルム間の距離を識別最小線径の10 倍 以上離せばフィルム側に置くことができる。この際、記号F を付ける。 管（内部線源）：試験部線源側表面、溶接部を跨いで有効長さの両端 付近に細い線が外側になるように各1 個置く（一般形の場合） 全周同時撮影では4 個（ほぼ4 等分）置く。 透過度計とフィルム間の距離を識別最小線径の10 倍以上離せ ばフィルム側に置くことができる。この際、記号F を付ける。 管（内部フィルム）：内部線源撮影法と同じ 管（二重壁片面）：内部線源撮影法と同じ 管（二重壁両面）：識別最小線径の帯形透過度計を線源側表面に溶接 部を跨いで置く。  参考：JIS Z 3104:1995 附属書1，2 注記）JSNDI-Ⅱ2017 問題集の問6.
41,語句（非破壊試験用語）と関連深いJIS 規格は次のうちどれか。正しいものを一つ選べ。,JIS Z 2300,JIS Z 2305,JIS Z 3104,JIS Z 3105,a,JISZ2300「非破壊試験用語」  JSNDI-Ⅱ、2017 問5.1.2，5.1.3 5.1.8，5.1.12 JANDT 実践演 習・解説 10-13～10-17 NDT フラッシュ Vol.60 No.6 問1、 Vol.58 No.6 問1、 Vol.55 No.4 問1 JANDT 実践演 習・解説2-11
42,語句（階調計10 形）と関連深いJIS 規格は次のうちどれか。正しいものを一つ選べ。,JIS Z 3104,JIS Z 3105,JIS Z 3107,JIS G 0581  11,b,階調計の規定 ・JISZ3104、JISZ3106：15 形、20 形、25 形 ・JISZ3105：10 形、15 形、20 形、25 形 
43,語句（階調計25 形）と関連深いJIS 規格は次のうちどれか。正しいものを一つ選べ。,JIS Z 3104,JIS Z 3107,JIS Z 3110,JIS H 0522,a,25 形の階調計を規定しているのはJISZ3104、JISZ3106、JISZ3105 
44,語句（針金形透過度計04T）と関連深いJIS 規格は次のうちどれか。正しいものを一つ選べ。,JIS Z 3104,JIS Z 3105,JIS Z 3107,JIS G 0581,c,針金形透過度計の呼び番号04T のT は針金の材質チタンを表す。 ちなみにF はフェライト、S はステンレス、A はアルミニウムを表す。 
45,語句（試験視野の直径20mm、30mm、50mm、70mm）と関連深いJIS 規格は次のうちどれか。正 しいものを一つ選べ。,JIS Z 3104,JIS Z 3105,JIS Z 3107,JIS G 0581,d,試験視野（直径20mm、30mm、50mm、70mm）はJIS G 0581 に従って 鋳物のきずの像を分類する場合に適用する。 
46,語句（帯形透過度計）と関連が深いJIS 規格は次のうちどれか。正しいものを一つ選べ。,JIS Z 3861,JIS G 0581,JIS H 0522,JIS Z 2306,d,帯形透過度計はJISZ2306「放射線透過試験用透過度計」で規定されてい る。 
47,語句（B 種、F 種、T 種）と関連が深いJIS 規格は次のうちどれか。正しいものを一つ選べ。,JIS Z 2306,JIS Z 3104,JIS Z 3861,JIS H 0522,c,JIS Z 3861 試験の種類及び試験片 B 種(1) 平板突合せ溶接部 平板試験片（板厚4mm） F 種 すみ肉溶接部 すみ肉試験片（板厚6mm） T 種 管突合せ溶接部 管試験片（肉厚6mm、外径100mm） 注(1) B 種を放射線透過試験技術の基本とする。 
48,語句（ガスポロシティ）と関連が深いJIS 規格は次のうちどれか。正しいものを一つ選べ。,JIS Z 3105,JIS H 0522,JIS G 0581,JIS Z 3104,b,JIS H 0522 における欠陥の種類及び等級はASTM E155 の基準写真と照 合比較して判定する。 ASTM の参照プレートとして、ガスホール（ブローホール）、ガスポロ シティ（円状、棒状）、シュリンケージ（キャビティ、スポンジ状）異 物(少量、多量)があげられる。
49,語句（回折現象）と関連が深いJIS 規格は次のうちどれか。正しいものを一つ選べ。,JIS Z 3106,JIS Z 3105,JIS G 0581,JIS H 0522,a,回折現象はステンレス鋼溶接継手の透過写真上に現れる異常像の一つ。 線状、はけ状、はん点状の像がある。  参考：JIS Z 3106 附属書5（参考）X 線の回折像ときずの像との判別 方法 NDT フラッシュVol.58 No.06 問1 
51,図で示す鋼板のT 溶接継手をJIS Z 3104:1995 附属書3 に従って撮影する場合、肉厚補償用くさ びを使用する。その厚さは次のうちどれか。正しいものを一つ選べ。,T1 材の厚さ,T2 材の厚さ,T1 材の厚さの1/2,T2 材の厚さの1/2    12,a,ただし、放射線の照射方向とT1 材のなす角度が ①30°の場合：T1 の厚さがT2 材の1/3 又は8mm のいずれか小さい値 ②45°の場合：T1 の厚さがT2 材の1/4 又は5mm のいずれか小さい値 の場合、肉厚補償用くさびは使用しなくてよい 参考 JIS Z 3104:1995「鋼溶接継手の放射線透過試験方法」附属書3 鋼板のT 溶接継手の撮影方法及び透過写真の必要条件 NDT フラッシュVol.58 No.06 問3  JSNDI-Ⅱ、2017 問5.1.14    - 12 -
52,次の文は、写真処理について述べたものである。正しいものを一つ選べ。,タンク現像は皿現像と比較して一度に多くのフィルムの現像が可能であるため効率的である。,タンク現像は皿現像と比較して現像液の空気酸化の度合いが大きい。,自動現像機で処理した透過写真の像質は、タンク現像及び皿現像に比べて優れる。,自動現像機による写真処理時間は、タンク現像及び皿現像に比べて長い。,a,"b) 現像液は写真の処理枚数の増加に伴い化学的に劣化が進む。また、 空気と接することで酸化が進み、現像能力が低下していく。タンク現 像はフィルムが十分浸かる深さのタンクに現像液を入れているため、 皿現像と比べて空気と接する面積が少なく、酸化の度合いが少ない。 c) タンク現像と皿現像の現像処理時間は同じ。 d) タンク現像、皿現像の現像～乾燥に至る一連の写真処理で少なくと も30分程度を要する。一方、自動現像は早いもので5分～11分程度で 終えることができる。 なお、自動現像での現像液の温度は手現像（タンク現像、皿現像）に 比べて高いため（手現像の標準20℃に対して自動現像は26℃程度）、 透過写真の像質は手現像に比べて多少劣る。  参考：JSNDI レベル-Ⅱ2019（p98,p99）  "
53,次の文は、写真処理について述べたものである。正しいものを一つ選べ。,定着処理は、X 線フィルムの乳剤中にできた潜像を可視像に変える処理をいう。,現像液の温度が15℃以下では、現像作用が著しく不活性になり、25℃以上では、現像作用が 急速に進み、フィルムにかぶりが増加する要因となる。,現像液の温度を一定に保ち、現像時間を長くすると、仕上がるフィルムの濃度は低くなる。,タンク現像は皿現像と比べて空気酸化の度合いが小さいため、タンク中の現像液に浮き蓋を 浮かべる必要はない。,b,"現像液は15℃以下で現像作用が著しく不活性となる。一方、25℃以上 で現像作用が進みすぎるためフィルムにかぶりを増加させる要因とな る。 a)は現像処理のこと c)は濃度が高くなる d)空気酸化を抑えるため、浮き蓋が望ましい。  参考：JSNDI レベル-Ⅱ2019（p87,p102）  JSNDI-Ⅱ、2017 問6.1.1 JANDT 実践演 習・解説2-6"
54,次の文は、透過写真のコントラストΔD を高める方法について述べたものである。正しいもの を一つ選べ。,減弱係数μp を小さくする。,幾何学的補正係数σ を小さくする。,散乱比n を小さくする。,フィルムコントラストγ を小さくする。,c,透過写真のコントラストΔDは、次式で与えられる。 n d D p + − = ∆
55,次の文は、透過写真のコントラストΔD を高める方法について述べたものである。正しいもの を一つ選べ。,高い管電圧を使用して放射線のエネルギーを高める,線源とフィルム間の距離を短くする。,濃度とフィルムコントラストγ が比例する範囲で写真濃度を高くする。,放射線の照射時間を短くするため、散乱線を多くする。,c,a) 高い管電圧では減弱係数μp が小さくなるため、ΔD は低くなる。 b) 幾何学的補正係数σ が小さくなるため、ΔD は低くなる。 d) 散乱比n が大きくなるため、ΔD は低くなる。 ΔDを高めるためには、 ・できるだけ放射線のエネルギーを低くしてμpを大きくする。 ・線源とフィルム間の距離を離して幾何学的補正係数σを1に近づける。 ・絞り、ろ過板（フィルター）、試験体周囲の遮へい、肉厚補償などに よって散乱線を抑え、散乱比nを小さくする。 ・粒状の細かいフィルムを使用することでフィルムコントラストγを高 める。又は、フィルム濃度とフィルムコントラストγが比例関係にある 範囲でなるべく写真濃度が高くなるように露出条件を決定する。  参考：JSNDI レベル-Ⅱ2019（p49～p52）   JSNDI-Ⅱ、2017 問6.2.4   - 13 -
56,次の文は、透過写真のコントラストΔD について述べたものである。正しいものを一つ選べ。,透過写真のコントラストΔD は現像時間が短いと大きくなる。,透過写真のコントラストΔD は現像液が疲れてくると小さくなる。,透過写真のコントラストΔD は写真濃度が低いと大きくなる。,透過写真のコントラストΔD は散乱線が少ないと小さくなる。,b,現像液が疲れてくるとフィルムコントラストγ が小さくなり、結果とし て透過写真のコントラストΔD が小さくなる。 a) 現像時間が短いと写真濃度が低く、フィルムコントラストγが小さ くなり、透過写真のコントラストΔD は小さくなる。 c) 写真濃度が低いとフィルムコントラストγが小さくなり、透過写真 のコントラストΔD は小さくなる。 d) 散乱線が少ないと散乱比が小さくなり、透過写真のコントラストΔD は大きくなる。  参考：JSNDI レベル-Ⅱ2019（p47 式2.57）  JSNDI-Ⅰ、2017 問6.1.8 JANDT 実践演 習・解説7-1
57,透過写真の像質を改善する方法は次のうちどれか。正しいものを一つ選べ。,狭照射野撮影方法を適用する。,高感度・微粒子フィルムを適用する。,蛍光増感紙を適用する。,X 線の管電圧を高める。   13,a,"透過写真の像質は、透過写真のコントラストΔD と鮮鋭度で確保する。 像質改善は、ΔD を表す式で示されるように ・γ（フィルムコントラスト）・μ（減弱係数）を大きくする ・σ（幾何学的補正係数）を1 に近づける ・n（散乱比）を小さくする。 特にμ／1+n を線質因子といい、大きくすることで像質改善を図る a)の狭照射野撮影方法は散乱線低減（散乱比n を小さく）を図るこ とができるため像質改善に寄与する。 b)はγが小さく、c)は散乱線低減に効果がなく、d)はμが小さくなる ため像質改善をもたらさない  参考：JSNDI レベル-Ⅱ2019（p52,p55）  －"
58,次の文は散乱線量率Is について述べたものである。正しいものを一つ選べ。,散乱線量率Is は放射線の透過厚さに影響する。,散乱線量率Is は照射野の面積に関係しない。,散乱線量率Is は露出時間に比例する。,散乱線量率Is は照射筒では低減できない。,a,"b) 照射野の面積に比例する c ) 散乱線は露出時間によって変化するが、単位時間あたりの散乱線量 を表す線量率は露出時間に関係しない。 d) 絞り、固定マスクを使用することで低減できる。  参考：JSNDI レベル-Ⅱ2019（p40,p41）  JSNDI-Ⅱ、2017 問6.2.12 JANDT 実践 演習・解説1-19"
59,次の文は、放射線透過試験における散乱線の低減について述べたものである。正しいものを一つ 選べ。,X 線フィルムの後方がコンクリートあるいは木材で囲まれていれば、鉛板で遮へいしなくて も後方散乱線を低減することができる。,X 線装置の放射口に適切な絞り又は適切なろ過板（フィルター）を取り付けたりすることで 散乱線を低減することができる。,X 線装置の放射口に取り付ける絞りの目的は、作業者に対する放射線防護の必要性からであ り、撮影する透過写真の像質の良否には関係しない。,X 線装置の放射口に絞りを取り付ける代りに、鉛板で試験体の周囲、フィルムの背面をしっ かり遮へいしても透過写真の像質は改善できない。,b,a) 後方散乱線の影響を受ける c) 像質の良否に関係する d) 散乱線を抑えることで像質改善できる。  参考：JSNDI レベル-Ⅱ2019（p52）  JSNDI-Ⅱ、2017 問5.1.6 JANDT 実践演 習・解説4-6
61,管電圧200kV、焦点・フィルム間距離（FFD）600mm の撮影条件で感光材料（フィルムIX100＋ 増感紙Pb0.03mm）を用いて試験体を撮影したところ、露出量5.0mA･min で写真濃度1.50 を得た。 同じ条件で写真濃度を2.50 とする露出量mA･min をいくらにすればよいか。最も近い値を選べ。 露出量の算出にあたり、巻末の図1 のX 線フィルムの特性曲線を利用せよ。,9.5 mA･min,11.5 mA･min,13.5 mA･min,15.5 mA･min,a,"＜巻末図1 X 線フィルム特性曲線（IX100＋Pb0.03）＞ 図1（IX100＋Pb0.03）から露出量を読取る ・濃度1.50になる露出量：およそ56（秒） ・濃度2.50になる露出量：およそ105（秒） ・濃度1.50から濃度2.50にするためには、 露出量を105／56＝1.875倍すればよい ・題意より濃度1.50の露出量が5.0mA･minであることから、同じ条件で 濃度2.50にするためには、 5.0mA･min×1.875＝9.375≒9.5mA･minとする。  参考：JSNDI レベル-Ⅱ2019（p136,p137）  JSNDI 問題1999 問1.5.4"
62,管電圧200kV、焦点・フィルム間距離（FFD）600mm の撮影条件で感光材料（フィルムIX100＋ 増感紙Pb0.03mm）を用いて試験体を撮影したところ、露出量5.0mA･min で写真濃度1.50 を得た。 フィルムIX80＋Pb0.03mm に変更して写真濃度を同じ1.50 としたい場合、露出量mA･min をいく らにすればよいか。最も近い値を選べ。露出量の算出にあたり、巻末の図1 のX 線フィルムの特 性曲線を利用せよ。,9.5 mA･min,11.5 mA･min,13.5 mA･min,15.5 mA･min       14,c,＜巻末図1 X 線フィルム特性曲線（IX100＋Pb0.03、IX80＋Pb0.03）＞ 写真濃度1.50になる露出量を図1から読み取る ・IX100＋Pb0.03mm：およそ56（秒）・IX80＋Pb0.03mm：およそ150（秒） ・IX80＋Pb0.03mmに変更して同じ濃度にするためには、露出量を 150／56≒2.68倍すればよい ・題意より濃度1.50の露出量が5.0mA･minであることから、IX80＋ Pb0.03mmで濃度1.50にするためには5.0mA･min×2.68＝13.4≒ 13.5mAminとする。  参考：JSNDI レベル-Ⅱ2019（p138）  JSNDI-Ⅱ、2017 問6.2.14
64,管電圧200kV、管電流5mA、焦点・フィルム間距離（FFD）600mm の撮影条件で感光材料（フィ ルムIX100＋増感紙Pb0.03mm）を用いて試験体を撮影したところ、露出時間3 分で写真濃度1.00 を得た。焦点・フィルム間距離（FFD）を800mm、管電流4mA に変更して写真濃度を2.40 にする ためには露出時間分をいくらにすればよいか。最も近い値を一つ選べ。露出量の算出にあたり、巻 末の図1 のX 線フィルムの特性曲線を利用せよ。,2.8 分,7.0 分,14.0 分,19.0 分,d,＜巻末図1 X 線フィルム特性曲線（IX100＋Pb0.03）を利用＞ 1. 変更前の条件：FFD600mm、露出量(=5mA・3min＝15.0mAmin) 2. 変更後の条件：FFD800mm、管電流4mA 3. 写真濃度：1.00（変更前後で同じとする） 4. FFD 変更後の露出量：15.0mA･min×（8002／6002）≒26.7mA･min 5. 露出時間（分）：26.7mA･min／4mA（管電流）≒6.7（分） 6. 写真濃度の変更：1.00 ⇒ 2.40 7. 写真濃度2.40 に必要な露出量（mA･min）：19.0 分 図1 のX 線フィルム特性曲線（IX100＋Pb0.03）から読み取る ・濃度1.00 の露出量：およそ35（秒） ・濃度2.40 の露出量：およそ100（秒） ・濃度1.00から濃度2.40にするために、露出量を100／35＝2.857倍 ・写真
65,撮影条件を以下として、厚さ15.0mm、鋼板突合せ溶接部（余盛なし）の透過写真を濃度2.50 で 撮影したい。このときの露出時間は巻末の図1 のX 線フィルムの特性曲線及び図2 の露出線図に より求める。露出時間について正しいものを選べ。 ＜撮影条件＞ ・管電圧：180kV、管電流：5mA ・感光材料：フィルムIX100＋増感紙Pb0.03mm ・焦点・フィルム間距離（FFD）600mm ・写真処理：タンク現像、現像液ハイレンドール、 現像温度20℃、現像時間5 分,1.5 分,3.0 分,8.0 分,14.5 分,b,＜巻末の図1 のX 線フィルムの特性曲線及び図2 の露出線図を利用＞ 1. 条件 試験体の厚さ：15.0mm 管電圧：180kV、管電流：5mA 感光材料：IX100＋Pb0.03mm FFD：600mm 2. 露出時間の算出 ・図2 露出線図（鋼板の厚さ15.0mm、管電圧180kV）から露出量を読 取る。 露出量＝8.0mA・min ・図2 で求めた露出量で濃度1.50 の写真となる。 ・図1 フィルム特性曲線（IX100＋Pb0.03）により濃度1.50 と2.50 の露 出量を読取る。 ・濃度1.50になる露出量：およそ56（秒） ・濃度2.50になる露出量：およそ105（秒） ・濃度1.50から濃度2.50にするためには、 露出量を105／56＝1.875倍すればよい ・8.0mA/min×1.875＝15.0mA・min で濃度2.50 となる ・管電流5mA であるから、露出
66,下図に示すような厚さに差のある試験体を撮影する必要が生じた。厚い方のほぼ中央（点A） の濃度を1.50 にするためX 線フィルムIX100，鉛箔増感紙0.03 mm，線源とフィルム間の距離 （FFD）600 mm，管電圧180 kV，管電流4 mA で撮影した。このときの露出時間及びこれより厚 さの薄い方のほぼ中央（点B）の濃度が3.50 となる厚さは何mm か。巻末の図1 のX 線フィルム の特性曲線及び図2 の露出線図を利用して正しい組合せを一つ選べ。,露出時間2.0 分 厚さ12.7mm,露出時間4.0 分 厚さ14.4mm,露出時間8.0 分 厚さ 17.2mm,露出時間12.0 分 厚さ 19.1mm             15,c,＜巻末の図1 のX 線フィルムの特性曲線及び図2 の露出線図を利用＞ 1. 厚さ22.0mm（A）の濃度が1.50 となる露出量 ・図2 露出線図（鋼板の厚さ22.0mm、管電圧180kV）から露出量を読 取る。 露出量＝32.0 mA・min 露出時間＝32.0 mA・min／4 mA＝8.0min 2. 図1 フィルム特性曲線（IX100＋Pb0.03）から厚さxmm（B）で濃度 1.50 となる放射線照射量を求める。 ・濃度3.50 になる露出量：およそ150（秒） ・濃度1.50 の露出量：58（秒） JSNDI-Ⅱ、2017 問6.2.33 JANDT 実践演 習・解説6-3   - 16 - したがって（58／150） 倍の露出量で濃度3.50 から1.50 になる。 ・厚さxmm（B） での濃度を1.50 にするためには、 32.0 mA・min×（58／150）＝12.4 
67,母材厚さ15.0 mm、余盛高さ3.0 mm の鋼溶接部を母材部の濃度が2.50 になる条件で撮影した。 母材部及び溶接部の散乱比n がそれぞれ1.5 及び2.5、透過厚さによる線質の変化はなく、半価層 を2.0 mm と仮定する。このとき、溶接部に到達する線量は母材部に到達する線量の何倍か。正し いものを一つ選べ。なお、必要なら巻末図1 のX 線フィルムの特性曲線（IX＋Pb100）を利用せよ。,0.4,0.5,1.0,2.0,b,照射線量をI0、母材部の透過線量をI1、余盛部の透過線量をI2、 母材厚さをx1、余盛部厚さをx2、減弱係数をμ とする。 ・  ・母材部のフィルム到達線量I 母材 ＝I1+n1・I1＝I1＋1.5･I1=2.5･I1（n1：母材部の散乱比1.5） ・余盛部のフィルム到達線量I 余盛 ＝I2+n2・I2＝I2＋2.5･I2=3.5･I2（n2：母材部の散乱比2.5） ＝3.5･ｅ－μ(x2 －x1)・I1 ・減弱係数μと半価層h の関係は、 μ＝0.693／h したがって、   参考：JSNDI レベル-Ⅱ2019（p31 式2.26、p35 式2.32、p40 式2.36）  JSNDI-Ⅱ、2017 問6.2.19
68,母材の厚さ15.0mm、余盛の高さ2.5mm の鋼溶接部を母材部の濃度が3.50 になる条件で撮影し た。このとき母材部及び溶接部の散乱比n がそれぞれ1.5 及び2.5、透過厚さによる線質の変化はな く、減弱係数μ が3.00 ㎝-1 とすると、余盛部の濃度はいくらになるか。巻末図1 のX 線フィルムの 特性曲線（IX＋Pb100）を利用して正しいものを一つ選べ。,2.40,2.00,1.60,1.20,a,照射線量をI0、母材部の透過線量をI1、余盛部の透過線量をI2、 母材厚さをx1、余盛部厚さをx2、減弱係数をμ とする。 ・  ・母材部のフィルム到達線量I 母材 ＝I1+n1・I1＝I1＋1.5･I1=2.5･I1（n1：母材部の散乱比1.5） ・余盛部のフィルム到達線量I 余盛 ＝I2+n2・I2＝I2＋2.5･I2=3.5･I2（n2：母材部の散乱比2.5） ＝3.5･ｅ－μ(x2 －x1)・I1 減弱係数μ：3.0cm-1 であることから 3.5･ｅ－μ(x2 －x1)・I1＝3.5・e－3.0・(0.25) ・I1 ・余盛部と母材部のフィルム到達線量の比を求める I 余盛／I 母材＝3.5・e－3.0・(0.25) ・I1／2.5I1＝3.5・e－3.0・(0.25) ／2.5 ＝1.4・e－3.0・(0.25)＝0.66 ・したがって、溶接部の到達線量は、母材部の濃度が3.5
69,母材厚さ15.0mm の鋼溶接部を余盛部で濃度1.80 になる条件で撮影したところ濃度1.50 となっ た。このときの露出量の変動について巻末の図1 のX 線フィルム特性曲線（IX100＋Pb0.03）を利 用して求めた。次のうち正しいものを一つ選べ。,濃度1.80 の条件に対して最も大きな変動とすれば、±5％の変動を考慮する必要がある。,濃度1.80 の条件に対して最も大きな変動とすれば、±10％の変動を考慮する必要がある。,濃度1.80 の条件に対して最も大きな変動とすれば、±20％の変動を考慮する必要がある。,濃度1.80 の条件に対して最も大きな変動とすれば、±25％の変動を考慮する必要がある。,c,・巻末図1 のX 線フィルムの特性曲線（IX＋Pb100）を利用して 読み取る。 ・余盛部濃度1.80 となる露出量：およそ72（秒） ・余盛部濃度1.50 となる露出量：およそ58（秒） 濃度1.80 の条件に対する変動 （58-72）／72×100％≒－20％ 濃度1.80 の条件に対して最も大きな変動とすれば、±20％の変動を 考慮する必要がある。  JSNDI-Ⅱ、2017 問6.2.17
70,母材厚さ16.0 mm の鋼溶接部を母材部の濃度が2.00 となる条件で2 回撮影した。2 枚の透過写真 の同じ箇所の濃度は、1 回目1.80、2 回目2.40 であった。2 枚の濃度の違いは濃度2.00 に対する露 出量の変動によるものとすると、1 回目と2 回目の撮影における露出量の変動はそれぞれ何％か。 巻末の図1 のX 線フィルムの特性曲線（IX100＋Pb0.03）を用いて求めよ。,1 回目：－10％ 2 回目：＋25％,1 回目：－10％ 2 回目：＋20％,1 回目：－5％  2 回目：＋10％,1 回目：－5％  2 回目：＋15％,a,・巻末図1 のX 線フィルムの特性曲線（IX＋Pb100）を利用して 読み取る。 ・母材部濃度2.00 となる露出量：およそ80（秒） ・実際の濃度1 回目（濃度1.80）：およそ72（秒） 濃度2.00 の条件に対する変動 （72-80）／80×100％＝－10％ ・実際の濃度2 回目（濃度2.40）：およそ100（秒） （100-80）／80×100％＝＋25％  JSNDI-Ⅱ、2017 問6.2.21 JANDT 実践演 習・解説6-7
71,デジタルラジオグラフィ（D-RT）の一つにイメージングプレート（IP）を検出器として用いたコ ンピューテッドラジオグラフィ（CR）がある。この技術の工業分野への実用化が始まったのは何時 頃か。次のうち正しいものを一つ選べ。,1970 年後半に販売が始まり、現在広く普及している。,1980 年後半に販売が始まり、現在広く普及している。,1990 年後半に販売が始まり、現在広く普及している。,2000 年前半に販売が始まり、現在広く普及している。        16,b,イメージングプレート（IP）を利用し、画像信号処理と組合せたコンピ ューテッドラジオグラフィ（CR）を1983年※に富士フイルムによって 世界に先駆けて医用向けにFCRの名称で開発した。工業用CRは1989年 に販売が開始され現在に至っている  参考：JSNDI レベル-Ⅱ2019（p3）、フラッシュVol.72 N0.5 問1 ※：JSNDIのテキストでは医用向けに1983年開発となっているが、「工業 分野におけるデジタルラジオグラフィの基礎とその適用（2014、日本 溶接協会、p16）」及びフラッシュVol.72 No.5問1解説では1981年で記載 されている。いずれにしても工業用は1980年後半（1989年）以降に実用 化が進み現在に至っている。  JSNDI-Ⅱ、2017 問6.4.2、問6.4.3 
72,次の文は、デジタルラジオグラフィ（D-RT）による撮影画像の像質について述べたものである。 次のうち正しいものを一つ選べ。,デジタルRT では、フィルムRT と同じ針金形透過度計、有孔形透過度計に加えて複線形像質 計を撮影し、撮影系及び撮影画像の像質を判定する。,デジタルRT では、フィルムRT と同じ針金形透過度計、有孔形透過度計に加えて複線形像質 計を撮影し、撮影画像の像質だけを判定する。,デジタルRT では、フィルムRT と同じ針金形透過度計、有孔形透過度計を撮影し、撮影系及 び撮影画像の像質を判定する。,デジタルRT では、複線形像質計を撮影し、撮影画像の像質を判定すればよく、針金形透過度 計又は有孔形透過度計を撮影しなくてもよい。,a,デジタルRT（CR、DDA）は、フィルムRTに比べて透過画像の空間分解 能が低下する。 複線形像質計（Duplex Wire）は、デジタル透過画像の基本空間分解能 （SRb：Basic Spatial Resolution）と不鮮鋭度を求めるために用いる。 基本空間分解能は、複線形像質計を検出器に置いて求める（SRb 検出器） と試験体に置いて求める（SRb 画像）の2つがある。 したがって、撮影画像だけではなく、撮影系の像質も判定することにな る。 なお、複線形像質計は像の空間分解能、不鮮鋭度だけに関わるので、従 来の針金形透過度計、有孔形透過度計の代用とはならない。  参考：JSNDI レベル-Ⅱ2019（p103～p120） JIS Z 2307:2017（放射線透過試験用複線形像質計による像の不鮮 鋭度の決定）     JSNDI-Ⅱ、2017 問6.4.4   - 18 -
73,次の文は、デジタルRT で使用する複線形像質計について述べたものである。正しいものを一つ 選べ。,同じ直径の2 本の線材を直径と同じ間隔で並べたものを一対とし、直径の異なる10 対で構 成されている。,各対の線の直径は等比数列で構成されている,各対の線の直径は規定されているが、像質計の寸法（幅、長さ）は任意でよい。,像質計は画素の行に対して10°程度傾けて配置する。,b,複線形像質計は2本の金属材料で同じ太さの針金対。13組（D1～D13)で 構成され、針金対の間隔は針金の太さと同じ。 複線形像質計の配置は画素の行又は列に対し2～5°傾ける。  参考：JIS Z 2307:2017 （放射線透過試験用複線形像質計による像の不鮮鋭度の決定） 「工業分野におけるデジタルラジオグラフィの基礎とその適用 （2014、日本溶接協会、p129～p131）」  JSNDI-Ⅱ、2017 問6.6.9 
74,次の文は、識別限界コントラストΔDmin について述べたものである。正しいものを一つ選べ。,識別限界コントラストΔDmin は、感光材料（X 線フィルムと増感紙の組合せ）の影響を受け ない。,識別限界コントラストΔDmin は、放射線のエネルギーによって変化しない。,針金の線径がある値以上の場合は、識別限界コントラストΔDmin は、一定の値となる。,同一線径に対する識別限界コントラストΔDmin の値は、濃度が高いほど小さい。,c,識別限界コントラストΔDmin は、きず像の大きさ（透過度計の線径，孔 径の大きさ），透過写真の濃度、線質、観察条件、Ｘ線フィルムのの粒 状性、個人差などの影響を受ける。 a) 感光材（フィルムと増感紙の組合せ）も関係する。 b) 放射線のエネルギー（線質）の影響を受ける d) 濃度が高いほどΔDmin は大きい。  参考：NDT フラッシュVol.63 No.1 問2、Vol.57 No.11 問5  JSNDI-Ⅱ、2017 問2.5.8 JANDT 実践演 習・解説8-2
75,ある試験体を撮影した透過写真において直径0.5mm のブローホールが識別限界であった。次に 散乱線を低減させる処置を講じて撮影したところ、透過写真上で直径0.5mm のブローホールのコ ントラストが1.7 倍になった。このとき、識別できるブローホールの最小寸法は次のうちどれか。 正しいものを一つ選べ。なお、ブローホールの直径と識別限界コントラストΔDmin の関係は0.2mm ～1.0mm の範囲で反比例の関係にあるものとする。,0.2mm,0.4mm,0.8mm,1.0mm          17,b,"直径d のブローホールに対する透過写真のコントラストΔD は次式で表 される。 ・ΔD＝（－0.434･γ･σ･μ･d）／（1+n）≧ΔDmin 次にΔD と識別限界コントラストΔDmin の関係は次式で表される。 ・ΔD≧ΔDmin 題意よりn のみ変化し、γ,σ,μは同じであるため定数C で表すと ・直径d1（＝0.5mm）でのΔD は、ΔD1＝C･d1／（１＋n1）≧ΔDmin1 ・直径d2 でのΔD は、ΔD2＝C･d2／（１＋n2）≧ΔDmin2 となる。  ΔDmin1 とΔDmin2 を比で表すと ・ΔDmin2／ΔDmin1＝（d2／d1）×（1+n1）／（1＋n2）・・・式1 直径d とΔDmin の関係について、d=0.2mm～1.0mm の範囲で反比例する ことが示されていることからΔDmin1 とΔDmin2 の関係は次式で表すこと ができる ・ΔDmin2／ΔDm"
76,下図は、透過写真のコントラストΔD と識別限界コントラストΔDminの関係を示したものである。 次の文のうち正しいものを一つ選べ。（1999-2.3.6、Vol.54No.9 問3、JANDT8-4）,濃度が低い範囲では、ΔD が小さいため針金を識別することができる。,濃度が高い範囲では、ΔD が大きいため針金を識別することができる。,針金が識別できる濃度の範囲は、中間の範囲に限られる。,観察器の明るさを大きくすれば、針金の識別できる濃度範囲は、低濃度側へ広がる。,c,寸法d の欠陥に対するコントラストΔD≧寸法d の欠陥に対する識別限 界コントラストΔDmin の場合、欠陥が識別できる  参考 NDT フラッシュVol.54 No.9 問3  JSNDI 問題1999 問2.3.6 JANDT 実践演 習・解説8-4   - 19 -
77,次の文は、透過光の強さと写真の濃度について述べたものである。正しいものを選べ。,透過光の強さが入射光の強さの1/200 になった。この時の写真の濃度は0.3 である。,透過光の強さが入射光の強さの1/200 になった。この時の写真の濃度は1.3 である。,透過光の強さが入射光の強さの1/200 になった。この時の写真の濃度は2.3 である。,透過光の強さが入射光の強さの1/200 になった。この時の写真の濃度は3.3 である。,c,下記濃度の定義に基づき解く。 透過写真の濃度D：写真に入射する光の強さ（輝度）をL0、透過した後 の強さ（輝度）をL として、下式で定義する。   濃度D＝log10［1／(1／200)］＝log10200＝2.30  参考：JSNDI レベル-Ⅱ2019（p165 式7.1）  JANDT 実践演 習・解説9-4
78,明るさL0 の観察器で濃度1.50 の透過写真を観察した。次に観察器の明るさを変えて濃度3.00 の 透過写真を観察する。このとき識別限界コントラストΔDmin を同じにするためには明るさL０の何倍 にすればよいか。正しいものを一つ選べ。,32 倍,3.2 倍,0.03 倍,0.3 倍,a,前問（問77）で述べた透過写真の濃度D の式に基づく。 D:濃度  Lo:入射光の強さ  L:透過光の強さ 1.50＝log(Lo／L)………(1)      3.00＝log(Lo'／L)……(2) (1) 式及び(2)式を変形すると 1.50＝logLo－logL………(3)    3.00=logLo'－logL………(4) (3)式－(4)式より －1.50＝logLo－logLo’     logLo'－logLo＝1.50 よって log(Lo’－Lo)＝1.50     よって Lo’／Lo=101.5≒32  参考：JSNDI レベル-Ⅱ2019（p165 式7.1） NDT フラッシュVol.54 No.9 問2  JANDT 実践演 習・解説9-5
79,次の文は、明るい場所で透過写真を観察したときの見掛けのコントラストについて述べたもので ある。正しいもの一つを選べ。,透過写真のコントラストΔD が一定の場合、濃度Ⅾが高いほど見掛けのコントラストは大きく なる。,透過写真のコントラストΔD が一定の場合、濃度Ⅾが低いほど見掛けのコントラストはあまり 減少しない。,透過写真のコントラストΔD が一定の場合、観察器が暗いほど見掛けのコントラストは大き くなる。,明るい場所でも暗い場所でも見掛けのコントラストは変わらない。        線径ｄに対応する ΔＤmin 線径ｄに対応する ΔＤ log ΔD D  18,b,a) 濃度が高くなると透過光の強さが小さくなって相対的のn’（透過光 に対する散乱光の比）が大きくなるため、見掛けのコントラストは小 さくなる。 c) 観察器の明るさが暗くなると透過光の強さが小さくなって相対的の n’が大きくなるため、見掛けのコントラストは小さくなる d) 明るい場所では相対的にn’が大きく、暗い場所ではn’が小さくなる ため見掛けのコントラストが変化する。  参考：JSNDI レベル-Ⅱ2019（p163～p166）  JSNDI-Ⅱ、2017 問7.2.4 JANDT 実践演 習・解説9-6
81,次の文は、透過写真の観察について述べたものである。正しいものを一つ選べ。なお、n’は透過 光に対する散乱光の比を表す。,明るい場所で観察する場合、濃度が高い方が1／(1+n’) は小さくなる。,明るい場所で観察する場合、濃度が高い方が1／(1+n’) は大きくなる。,明るい場所で観察する場合、観察器の輝度が低い方が1／(1+n’) は大きくなる。,観察する場合の明るさは1／(1+n’) に関係しない。,a,1／(1+n’) はフィルム観察時の透過写真の見掛けのコントラストの係数 であり（前問解説参照）、透過光の強さをL、散乱光（透過光以外の光） の強さをLS とするとn’はn’＝LS／L で表される。 明るい場所で観察する場合、透過光以外の光（散乱光）の強さLS はLS ≠0 であり、明るいほど強くなる。 透過写真の濃度が高くなると透過光の強さL は小さくなり、n’が大きく なるので1／(1+n’)の値は小さくなる。 観察器の輝度が低くなると透過光の強さL は小さくなり、n’が大きくな るので1／(1+n’)の値は小さくなる。  参考：JSNDI レベル-Ⅱ2019（p163～p166） JANDT 実践演 習・解説9-8 D ＝log10   - 20 -
82,次の文の[ア][イ]に入る正しい組合せを一つ選べ。 明るい室内で透過写真を観察する場合、透過写真からの透過光L と周囲からの散乱光Ls が加わっ て目に入る。透過光に対する散乱光の比n’を【ア】とすれば、透過写真の見掛けのコントラストは、 散乱光のない場合の【イ】倍となる。,[ア] L/Ls [イ] 1/ n’,[ア] Ls/L [イ] 1＋n’,[ア] L/Ls [イ] 1/（1＋n’）,[ア] Ls/L [イ] 1/（1＋n’）,d,－  参考：JSNDI レベル-Ⅱ2019（p163～p166）   JSNDI-Ⅱ、2017 問7.1.7 JANDT 実践演 習・解説9-9
83,"明るさが30,000 cd/m2 の観察器を使い濃度4.00 のフィルムを観察する場合、透過光の明るさL は 何cd/m2 になるか。正しいものを一つ選べ。",3 cd/m2,30 cd/m2,300 cd/m2,"3,000 cd/m2",a,"1. 明るさL0：30,000 cd/m2、濃度D ：4.00 L＝Lo／10D = 30,000／104.0＝30,000／10,000＝3cd/m2  参考：JSNDI レベル-Ⅱ2019（p165,式7.1）  JSNDI-Ⅱ、2017 問7.1.6 JANDT 実践演 習・解説9-10"
84,"次の文の[ア][イ][ウ]に入る正しい組合せを一つ選べ。 明るさが10,000 cd/m2 の観察器を使い濃度2.00 のフィルムを観察する場合、透過光の明るさL は 【ア】cd/m2 となる。また、透過光の1.4 倍に相当する散乱光Lｓが【イ】cd/m2 あったと仮定すれ ば、透過写真の見掛けのコントラスト⊿Da は【ウ】％に減少する。ただし、小数点以下は切り上げ る。","[ア] 1,000 [イ] 1,400 [ウ] 72","[ア] 1,000 [イ] 1,400 [ウ] 42",[ア] 100 [イ] 140 [ウ] 72,[ア] 100 [イ] 140 [ウ] 42     19,d,"1. 明るさL0：10,000 cd/m2、濃度D ：2.00 L＝Lo／10D = 10,000／102.0＝10,000／100＝100cd/m2 2. 散乱光Ls の強さ：1.4・L＝1.4×100＝140cd/m2 3. 透過写真の見掛けのコントラストΔDs ・透過光に対する散乱光の比n’＝LS／L ＝ 140／100＝1.4 ・見掛けのコントラストΔDs＝ΔD／（１＋n’）＝ΔD／1+1.4 ＝ΔD／2.4＝0.417・ΔD≒0.42・ΔD したがって、42％減少する。  参考：JSNDI レベル-Ⅱ2019（p165,p166 式7.1、式7.3、p40 式2.36）  JSNDI-Ⅱ、2017 問7.1.6 JANDT 実践演 習・解説9-10"
85,次の文は、透過写真の観察条件と見掛けのコントラストの関係について述べたものである。正し いものを一つ選べ。,透過写真を観察する場合、固定マスクと透過写真の隙間から光が漏れ出ても見掛けのコント ラストに影響しない。,同じ濃度の透過写真を観察する場合、観察器の輝度が高くなるほど見掛けのコントラストは 低下する。,観察器の輝度が一定の場合、透過写真の濃度が低くなるほど見掛けのコントラストは低下す る。,観察する室内の明るさが一定の場合、透過写真の濃度が高くなるほど見掛けのコントラスト が低下する。,b,"見掛けのコントラストΔDS は、①観察する室内の明るさ、②観察器の 明るさ（輝度）、③透過写真観察時に周囲から漏れ出す光、④透過写真 の濃度の影響によって変化する。  参考：JSNDI レベル-Ⅱ2019（p165,p166） NDT フラッシュVol.63 No.1 問1  JSNDI-Ⅱ、2017 問7.1.11 "
86,濃度1.80 と2.40 の2 枚の透過写真を、同じ観察条件で観察した。このときの観察において、ど ちらも透過光以外の光の強さは濃度1.80 の透過写真を透過した光の強さの半分であった。 濃度D とフィルムコントラストγ の関係が濃度0.50～3.50 の範囲で正比例であるとすれば、濃 度1.80 における透過度計の線に対する透過写真の見掛けのコントラストは濃度2.40 において同 一直径の線に対する透過写真の見掛けのコントラストの何倍であるか。正しいものを一つ選べ。,1.0,1.5,10,15,b,"1. 見掛けのコントラストΔDs＝ΔD／（１＋n’）、 2. 透過光に対する散乱光の比n’＝LS／L 3. 透過写真のコントラストとフィルムコントラストγの関係 ΔD＝CA・γ（CA：比例定数） 4. 透過写真の濃度D とフィルムコントラストγの関係 γ＝CB・D（CB：比例定数）；濃度0.50～3.50 の間で比例関係 5. 上記3,4 から透過写真のコントラストΔD は次式で表される。 ΔD＝CA・CB・D＝C・D（C：比例定数；=CA・CB） 6. 上記1.～5.よりΔDs は次式で表される。 ΔDs＝ΔD／（１＋n’）＝C・D／（１＋Ls／L） ・濃度D（1.80）のΔD1.80s＝C・1.80／（１＋Ls／L1.80） ・濃度D（2.40）のΔD2.40s＝C・2.40／（１＋Ls／L2.40） 7. 見掛けのコントラストの比ΔD1.80s／ΔD2.40s は次式で表される。 Δ"
87,次の文は、透過写真の観察について述べたものである。正しいものを一つ選べ。,透過写真の観察には透過写真のサイズに合わせた固定マスクを使用する。,透過写真上のきずの識別性は観察する人の視力のみに影響を受ける。,透過写真の観察には拡大鏡を用いてはならない。,透過写真の濃度が1.30～4.00 の範囲にわたっていても、観察器の明るさは一定にする。,a,"b) 周囲の明るさ、観察するフィルムの周囲から漏れる光などの影響も 受ける。 c) 必要に応じて使用する。 d) 調光機能を持つ観察器を使用する。  参考：JSNDI レベル-Ⅱ2019（p163,p164，p169,p170）  JSNDI-Ⅰ、2017 問7.1.13 JANDT 実践演 習・解説9-1 "
88,次の図は母材の厚さ24.0mm、両面に余盛のある鋼溶接部の透過写真に現れたきずをスケッチし たものである。図中のA 部についてJIS Z 3104 附属書４に基づくきずの像の分類を行った。試験 視野、きずの総点数及び分類の組合せについて正しいものを一つ選べ。,試験視野10mm×10mm、総点数9 点、分類3 類,試験視野10mm×10mm、総点数11 点、分類3 類,試験視野10mm×20mm、総点数11 点、分類3 類,試験視野10mm×20mm、総点数14 点、分類4 類   20,a,"＜資料3＞JIS Z 3104-1995附属書4の抜粋に基づく分類 1. 母材の厚さ：24.0mm（母材の厚さ10mmを超え25mm以下） 2. A部：第1種のきず 3. 試験視野：10mm×10mm（図中の破線の範囲） 4. 試験視野内のきず：4個（長径：3.2、2.3、0.6、0.4） ・きずの総点数：3.2（6点）＋2.3（3点）＝9点 ・算定しないきず：0.7以下 5. 分類：3類（6点を超え12点以下）  JSNDI-Ⅱ、2017 問8.1.2,問8.1.3 JANDT 実践演 習・解説11-2"
89,次の図は母材の厚さ30.0mm、両面に余盛のある鋼溶接部の透過写真に現れたきずをスケッチ したものである。図中のB 部についてJIS Z 3104 附属書４に基づくきずの像の分類を行った。試 験視野、きずの総点数及び分類の組合せについて正しいものを一つ選べ。,試験視野10mm×10mm、総点数6 点、分類2 類,試験視野10mm×10mm、総点数7 点、分類2 類,試験視野10mm×20mm、総点数8 点、分類2 類,試験視野10mm×20mm、総点数10 点、分類3 類,c,＜資料3＞JIS Z 3104-1995附属書4の抜粋に基づく分類 1. 母材の厚さ：30.0mm（母材の厚さ25mmを超え50mm以下） 2. B部：第1種のきず 3. 試験視野：10mm×20mm（図中の実線の範囲） 4. 試験視野内のきず：6個（長径：2.5、2.2、1.2、0.5、0.4×2個） ・きずの総点数：2.5（3点）＋2.2（3点）＋1.2（2点）＝8点 ・算定しないきず：0.7以下 5. 分類：2類（4点を超え12点以下）  同上
90,次の図は母材の厚さ20.0mm、両面に余盛のある鋼溶接部の透過写真に現れたきずをスケッチし たものである。図中のC・D 部について、JIS Z 3104 附属書４に基づくきずの像の分類を行った。 独立したきずか否か、きずの長さ、分類の組合せについて正しいものを一つ選べ。,独立したきず、きず長さ4.5mm（C 部）、分類1 類,独立したきず、きず長さ4.5mm（C 部）、分類2 類,きず群、きず長さ7.5mm（C 部＋D 部）、分類3 類,きず群、きず長さ15.5mm（C 部＋D 部＋両者の間隔）、分類4 類        21,b,＜資料3＞JIS Z 3104-1995附属書の抜粋に基づく分類 1. 母材の厚さ：20.0mm（母材の厚さ12mmを超え48mm未満） 2. C・D部：第2種のきず（溶込み不良）、一直線上に連なったきず 3. きずの長さ：4.5mm（C部）、3.0mm（D部） 4. C部とD部の間隔：8.0mm > 4.5mm（C部のきず長さ） 5. きずの区分：独立したきず 6. 分類：2類 同上   - 22 - ・長さによる分類：1類［5.0＞4.5；（母材の厚さの1/4以下）］ ・融合不良、溶込み不良は長さで1類と分類されても2類とする。 
91,次の図は母材の厚さ26.0mm、両面に余盛のある鋼溶接部の透過写真に現れたきずをスケッチし たものである。図中のE・F・G 部について、JIS Z 3104 附属書４に基づくきずの像の分類を行っ た。独立したきずか否か、きずの長さ、分類の組合せについて正しいものを一つ選べ。,独立したきず、きず長さ6.5mm（F 部）、分類1 類,きず群（E＋F＋G）、きず長さ23.9mm（3.2+2.8+6.5+5.8+5.6）、分類4 類,きず群（E＋F）、きず長さ9.7mm（E 部＋F 部）、分類3 類,きず群（E＋F）、きず長さ12.5mm（C 部＋D 部＋両者の間隔）、分類3 類,d,＜資料3＞JIS Z 3104-1995附属書の抜粋に基づく分類 1. 母材の厚さ：26.0mm（母材の厚さ12mmを超え48mm未満） 2. E・F・G部：第2種のきず（E・F：スラグ巻込み、G：パイプ）、 E・F部：一直線上に連なったきず、G部：一直線上ではない 3. 個々のきずの長さ：3.2mm（E部）、6.5mm（F部）、5.6mm（G部） 4. E部とF部の間隔：2.8mm > 6.5mm（C部のきず長さ） G部は一直線上ではないので除外 5. きずの区分：きず群（E部＋F部） 6.きず群の長さ：12.5mm［＝3.2（E）＋6.5（F）＋2.8（間隔）］ 7. 分類：3類（8.7＜12.5＜13.0；母材の厚さの1/3を超え1/2以下）  同上
92,次の図は呼称厚さ18mm の鋳鋼品の透過写真に現れたきずをスケッチしたもので、きずは砂か み及び介在物である。現れたきずについて、JIS G 0581 に基づいてきずの像の分類を行う。試験視 野、きず点数の総和、分類の組合せについて正しいものを一つ選べ。なお、分類にあたり添付資料 1“JIS G 0581-1999 付属書の抜粋”を参照のこと。  表1 試験条件 (1) 線源： 192Ir、370GBq (2) 材厚： 25 mm (3) 呼称厚さ： 18 mm (4) 材質： SC46 (5) 適用規格： JIS G 0581:1999 (6) 適用（許容）分類： 2 類,試験視野（直径）30mm、きず点数30 点、5 類,試験視野（直径）30mm、きず点数29 点、5 類,試験視野（直径）50mm、きず点数42 点、6 類,試験視野（直径）50mm、きず点数43 点、6 類,b,＜資料1＞JIS G 0581:1999 附属書の抜粋に基づく分類 ブローホール及び砂かみ及び介在物の場合 1. 試験視野の大きさ（直径）：30mm（呼称厚さ10mmを超え20mm以下） 2. 試験視野内のきず：5個（直径13.0、12.0、5.1、4.0、0.5） ・きず点数総和：29点［12点×2個（13.0、12.0）、3点（5.1）、2点（4.0）］ このうち直径0.5は数えないきず （呼称厚さ10超え20以下：1類の場合0.7以下、2類は1.0以下 3. 分類：5類（呼称厚さ10超え20以下：23点を超え32点以下） 参考：NDT フラッシュVol.60 No.6 問4 JSNDI-Ⅰ、2017 問7.2.15 JANDT 実践演 習・解説11-5
93,JIS Z 2305:2013 はISO（国際標準化機構）規格を基に作成した規格である。基になるISO 規格は 次のうちどれか。正しいものを一つ選べ。,ISO 14001,ISO 9001,ISO 9712,ISO 5580  試験視野Φ50 ㎜ 試験視野Φ30 ㎜ 単位㎜  22,c,JIS Z 2305:2013 対応ISO ・ISO 9712 ：2012Non-destructive testing—Qualification and certification of NDT personnel を基に作成したJIS 規格  参考：JSNDI レベル-Ⅱ2019（はしがき） JIS Z 2305:2015“非破壊試験技術者の資格及び認証”序文 NDT フラッシュVol.69 No.9 問3  －
94,JIS Z 2305:2013 において、認証機関は資格試験の準備・運営を行わなければならないが、次の機 関に詳細な運営を運営することを委託してもよい。正しいものを一つ選べ。,資格試験機関,試験センター,雇用主,政府及び関連他団体,a,―  参考：JIS Z 2305：2013 5.2.2  －
95,NDT レベル1 及びレベル2 に要求される経験期間を証明する文書を認証機関に提出しなければ ならない。提出時に誰が経験期間を確認するのか、正しいものを一つ選べ。,雇用主,申請者,試験センター,試験監督員,a,経験期間の確認 雇用主が行う。  参考：JIS Z 2305：2013 5.5 雇用主 －
96,NDT レベル2 に認証された技術者の業務について述べたものである。正しいものを一つ選べ。,NDT 指示書及び手順書を作成し、編集上及び技術上の精査、並びに妥当性を実証する。,規格、コード、仕様書及び手順書を解釈する。,適用される規格、コード、仕様書又は手順書に従って結果を解釈し、評価する。,使用する特定のNDT 方法、手順書及びNDT 指示書を指定する。,c,NDT レベル2 認証技術者の業務 a) 使用するNDT 方法に適用するNDT 技法を選択する。 b) NDT 方法の適用制限を明確にする。 c) NDT コード、規格、仕様書及び手順書を、実際の作業条件に適した NDT 指示書に書き換える。 d) 装置の調整及びその検証を行う。 e) NDT を実施し、監督する。 f) 適用される規格、コード、仕様書又は手順書に従って結果を解釈し、 評価する。 JSNDI-Ⅱ、2017 問9.1.3， 問9.1.4，問9.3.2   - 23 - g) レベル2 又はそれより下のレベルの全ての作業を実施し、監督する。 h) レベル2 又はそれより下のレベルの技術者を指導する。 i) NDT 結果を報告する。 なお、設問のａ、ｂ、ｄはレベル3 の業務である。 補足 NDT レベル1 認証技術者の業務 a) NDT 装置を調整する。 b) NDT を実施する
97,規格、コード等に従って製品のNDT を実施する際に適用すべきすべての必須要素及び注意事項 を記した文書は次のうちどれか。正しいものを一つ選べ。,NDT 指示書,NDT 手順書,NDT 要領書,NDT 仕様書,b,JIS Z 2305：2013 用語より １．NDT 仕様書 要求事項を記載した文書。NDT 仕様書は、どのような対象物に対し てどのような試験を依頼するのかの要求事項（適用法規、適用すべき NDT 方法・技法、判定基準、特記事項など）を記述した技術文書で、 発注者から依頼先（受注者）に対して提出される。  ２．NDT 手順書 規格、コード、仕様書に従って製品のNDT を実施する際に適用すべ きすべての必須の要素及び注意事項について記載した文書。 ３．NDT 指示書 確立された規格、コード、仕様書又はNDT 手順書に基づいて、NDT を実施する際に従わなければならない正確な手順を記載した文書。  なお、手順書を要領書という名称で呼ぶことがあるが、JISZ2305 では要 領書という用語は用いていない 参考：JSNDI レベル-Ⅱ2019（p196，p197） JIS Z 2305：2013
98,次の文は、放射線業務を行う際に設定する管理区域について述べたものである。正しいものを一 つ選べ。,外部放射線による実効線量と空気中の放射性物質による実効線量との合計が3 月間につき100 マイクロシーベルトを超えるおそれのある区域,外部放射線による実効線量と空気中の放射性物質による実効線量との合計が3 月間につき1.3 ミリシーベルトを超えるおそれのある区域,外部放射線による実効線量と空気中の放射性物質による実効線量との合計が3 月間につき5 ミリシーベルトを超えるおそれのある区域,外部放射線による実効線量と空気中の放射性物質による実効線量との合計が3 月間につき 100 ミリシーベルトを超えるおそれのある区域             23,b,管理区域 ・電離放射線障害防止規則第三条  参考：JSNDI レベル-Ⅰ2019（p100） Ｘ線作業主任者2019（p133）  JSNDI-Ⅱ、2017 問10.10 JANDT 実践演 習・解説12-7
99,次の文は、工業用エックス線装置又は放射性物質を装備している機器を放射線装置室以外の場所 で使用するときに設定する立入禁止区域について述べたものである。正しいものを一つ選べ。,エックス線管の焦点又は放射線源から5 メートル以内の範囲（外部放射線による実効線量が1 週間につき1.0 ミリシーベルト以下の場所を除く）を立入禁止区域とする。,エックス線管の焦点又は放射線源から8 メートル以内の範囲（外部放射線による実効線量が1 週間につき1.0 ミリシーベルト以下の場所を除く）を立入禁止区域とする。,エックス線管の焦点又は放射線源から10 メートル以内の範囲（外部放射線による実効線量が 1 週間につき1.0 ミリシーベルト以下の場所を除く）を立入禁止区域とする。,エックス線管の焦点又は放射線源から15 メートル以内の範囲（外部放射線による実効線量が 1 週間につき1.0 ミリシーベルト以下の場所を除く）を立入禁止区域とする。,a,立入禁止区域 ・電離放射線障害防止規則第十八条  参考：JSNDI レベル-Ⅰ2019（p100） Ｘ線作業主任者2019（p150）   同上   - 24 -
100,次の文は、放射線業務従事者の被ばく限度について述べたものである。正しいものを一つ選べ。,放射線業務従事者の受ける実効線量が5 年間につき100 ミリシーベルトを超えず、かつ、1 年 間につき50 ミリシーベルトを超えないようにしなければならない。,放射線業務従事者の受ける実効線量が5 年間につき100 ミリシーベルトを超えず、かつ、1 年 間につき20 ミリシーベルトを超えないようにしなければならない。,放射線業務従事者の受ける実効線量が5 年間につき50 ミリシーベルトを超えず、かつ、1 年間 につき20 ミリシーベルトを超えないようにしなければならない。,放射線業務従事者の受ける実効線量が5 年間につき500 ミリシーベルトを超えず、かつ、1 年 間につき200 ミリシーベルトを超えないようにしなければならない。     24 ＜資料１＞       JIS G 0581：1999 附属書 の抜粋  附属書表１ 呼称厚さと試験視野の大きさ （ブローホール及び砂かみ及び介在物の場合）        単位 mm 呼 称 厚 さ 10 以下 10 を超 20 以下 20 を超 40 以下 40 を超 80 以下 80 を超 120 以下 120 を超 えるもの 試験視野の大きさ（直径） 20 30 50 70  附属書表２ きず寸法ときず点数             単位 mm きず寸法 ｍｍ,a,"放射線業務従事者の被ばく限度 ・電離放射線障害防止規則第四条に基づく。  参考：JSNDI レベル-Ⅰ2019（p100､p101） Ｘ線作業主任者2019（p136） NDT フラッシュVol.63 No.9 問6  JSNDI-Ⅱ、2017 問10.9  参考問題集 JSNDI・放射線透過試験Ⅱ問題集2017（JSNDI－Ⅱ,2017） JSNDI・放射線透過試験問題集1999（JSNDI 問題1999） JSNDI・放射線透過試験Ⅰ問題集2017（JSNDI－Ⅰ,2017） 参考テキスト JSNDI・放射線透過試験Ⅱ2019 発行（JSNDI レベルⅡ-2019） JSNDI・放射線透過試験Ⅰ2019 発行（JSNDI レベルⅠ-2019） JANDT・放射線透過試験 実践演習・解説2014 発行（JANDT 実践演習・解説） その他参考図書 関連JIS 規格（JISZ3104 他）"
