id,question,choice_a,choice_b,choice_c,choice_d,answer,explanation,image
1,次の文は、厚さ測定に用いる二振動子垂直探触子を測定物に接触させた状態で走査することが好ましく ない主な理由を述べたものである。正しいものを一つ選び、記号で答えよ。,探触子の周波数が不安定になり、表示が不安定になる。,探触子のくさびが摩耗、劣化及び損傷し、表示が不安定になる。,探触子のダンパが摩耗し、表示が不安定になる。,接触媒質が一定の厚さにならないため、測定できなくなる。,b,探触子の接触方法は、測定面に接触媒質を塗布し、探触子を適切な 圧力で測定面に接触させ、安定な表示値が得られるようにする。 また、二振動子垂直探触子を使用中に、探触子の向きを変えたり、 移動する場合には、その都度測定面から探触子を離して行う。これ は、表面粗さの影響で遅延材が傷ついたり、すり減ったりすること による精度への影響を防ぐための規定である。,
2,次の図は、鋼試験体にエポキシコーティングを行った概念図を示したものである。コーティング上から 厚さ測定した結果、厚さ計表示値は15.7ｍｍと表示された。鋼試験体の厚さは何ｍｍか、正しいものを 一つ選び、記号で答えよ。ただし、コーティング厚さは0.9ｍｍ、鋼の音速5900ｍ/ｓ、エポキシ樹脂 の音速2700ｍ/ｓとする。,12.1,13.1,13.7,15.3,c,ｺｰﾃｨﾝｸﾞの音速は鋼の音速に比べてはるかに遅いので、ｺｰﾃｨﾝｸﾞの厚 さが厚いほど実際の厚さとの差は大きくなる。例えば、ｺｰﾃｨﾝｸﾞの 音速が鋼の音速の半分であれば、ｺｰﾃｨﾝｸﾞの厚さ1mm に対する表示 は2mm になる。従って、この方法で厚さ測定を実施するには、ｺｰﾃｨ ﾝｸﾞの音速とｺｰﾃｨﾝｸﾞの厚さを前もって確認した上で、以下のように 計算することができる。 ｺｰﾃｨﾝｸﾞの厚さ0.9mm を鋼の厚さに換算すると、 0.9mm ： 2700m/s ＝ χ : 5900m/s⇒ χ ＝ 0.9×5900/2700 実際の鋼の厚さは、表示値からχを引いた値であるから 表示値15.7mm – (0.9×5900/2700) = 13.7mm 以上の計算をまとめると、 Ｄ＝Ｄｍ － (Ｄｃ × Ｃ/Ｃｃ) で求めることができる。 ここで、Ｄ：測定物の厚さ(mm)、Ｄｍ：厚さ計の表示値(mm) Ｄｃ：ｺｰﾃｨﾝｸﾞの厚さ(mm)、Ｃ：鋼の音速(m/s) Ｃc:ｺｰﾃｨﾝｸﾞの音速(m/s),ut_2022_04_q2.png
3,次の文は、超音波探傷試験を行う目的について述べたものである。適切なものを一つ選び、記号で答え よ。,生産工程を変更するために、超音波探傷試験を行う。,生産工程の品質管理のために、超音波探傷試験を行う。,生産工程の省力化のために、超音波探傷試験を行う。,生産工程の技術力の向上のために、超音波探傷試験を行う。,b,非破壊試験の役割は、品質管理を目的としたものと品質保証を目的 としたものがある。品質管理は、品質を造り込むために、製造ﾌﾟﾛｾ ｽの中間段階で実施される。製造情報を速やかに把握して、製造の 前工程へのﾌｨｰﾄﾞﾊﾞｯｸと後工程へﾌｨｰﾄﾞﾌｫﾜｰﾄﾞにより、品質異常品の 大量発生の防止・製造技術の改善・工程能力の向上及びきず部の除 去などを行う。製造途中の段階で検査して欠陥部を除くことは、後 工程での無駄を省くことになり、品質向上に大きく寄与することが できる。,
4,次の文は、JIS Z 2305 に基づく超音波探傷試験技術者レベル2 の役割について述べたものである。 正しいものを一つ選び、記号で答えよ。,日常、レベル1 技術者に対して訓練・指導する責任はあるが、新しく資格を取得したレベル2 技術者に 対して訓練・指導を行ってはならない。,レベル2 技術者は、超音波探傷試験方法の適用限界を決定することはできない。,レベル2 技術者は、超音波探傷試験を実施するか、又はレベル1 技術者が実施する超音波探傷試験を監 督しなければならない。,超音波探傷試験結果を取りまとめて報告し、超音波探傷試験設備と職員についての全責任を持たなけれ ばならない。,c,ﾚﾍﾞﾙ2 に認証された技術者はNDT 手順に従ってNDT を実施する力 量を実証している。雇用主はレベル2 技術者に、資格証明書に明記 された力量の範囲で、つぎの項目を実施する許可を与えてよい。 a）使用するNDT 方法に適用するNDT 技法を選択する。 b) NDT 方法の適用制限を明確にする。 c）NDT ｺｰﾄﾞ、規格、仕様書及び手順を、実際の作業条件に適した NDT 指示書に書き換える。 d）装置の調整及びその検証を行う。 e）NDT を実施し、監督する。 f）適用される規格、ｺｰﾄﾞ、仕様書又は手順書に従って結果を解釈 し、評価する。 g）ﾚﾍﾞﾙ2 又はそれより下のﾚﾍﾞﾙの全ての作業を実施し、監督する。 h）ﾚﾍﾞﾙ2 又はそれより下の技術者を指導する。 i）NDT 結果を報告する。,
5,次の文は、JIS Z 3060 の適用範囲について述べたものである。正しいものを一つ選び、記号で答えよ。,JIS Z 3060 では、厚さ6mm 以上のフェライト系の鋼の完全溶込み溶接部の超音波探傷試験方法及び分類 方法を規定している。,オーステナイト系ステンレス鋼溶接部の超音波探傷では、JIS Z 3060 をそのまま適用することができ る。,JIS Z 3060 では、厚さ13mm 以上のフェライト系の鋼及びオーステナイト系の鋼の完全溶込み溶接部の 垂直探傷について規定している。,JIS Z 3060 では、厚さ6mm 以上のフェライト系の鋼の完全溶込み溶接部の自動探傷についても規定して いる。,a,JIS Z 3060 の適用範囲では、『厚さ6mm 以上のﾌｪﾗｲﾄ系鋼の完全溶込 み溶接部を、超音波ﾊﾟﾙｽを用いた基本表示の超音波探傷器で、超音波 探傷試験を手動で行う場合のきずの検出方法、位置及び寸法の測定 方法について規定する。ただし、鋼管の製造工程中の継手溶接部には 適用しない。』との記載がある。,
6,次の文は、JIS Z 3060 に規定する超音波探傷装置の測定、調整及び点検について述べたものである。 正しいものを一つ選び、記号で答えよ。,JIS Z 3060 では、探傷器の定期点検は探傷作業の開始時のみ実施する。,JIS Z 3060 では、入射点、屈折角、測定範囲及び探傷感度の調整及び点検は作業開始時にのみ行う。,JIS Z 3060 では、探傷器の定期点検は、6 か月に1 回実施する。,JIS Z 3060 では、入射点、屈折角、測定範囲及び探傷感度の調整及び点検は、作業開始時と4 時間以内 ごと及び作業終了時に行う。,d,JIS Z 3060 では、「9.1.7 探傷装置の測定、調整及び点検」で 『入射点、STB 屈折角、測定範囲及び探傷感度は、作業開始時に測定 及び調整する。また、これらは作業開始後4 時間以内ごと及び作業終 了時に点検し、これらの条件の変化量を確認する。』とある。,
7,次の文は、音響インピーダンスについて述べたものである。正しいものを一つ選び、記号で答えよ。,音響インピーダンスは、比重と音速の積で表わされる。,音響インピーダンスは、密度と音速の積で表わされる。,音響インピーダンスは、波長と密度の積で表わされる。,音響インピーダンスは、振動数と比重の積で表わされる。,b,音響ｲﾝﾋﾟｰﾀﾞﾝｽ(Ｚ)＝ρＣ ρ：密度 Ｃ：音速 で求まる。,
8,"次の文は、音圧反射率について述べたものである。[１]に適する数値を一つ選び、記号で答えよ。 ただし、答は小数点以下第２位を四捨五入せよ。 片側に銅をクラッドした鋼板を鋼の側から周波数5MHz の探触子で垂直探傷した。境界面における接合 が完全であっても、境界面エコーが現れる。境界面における音圧反射率は[１]％となる。なお、材料の 定数は次のとおりである。 材 質 鋼 銅 音 速 5,900 m/s 4,700 m/s 密 度 7.8 g/cm３ 8.9 g/cm３",2.4,2.9,4.8,9.6,c,"音圧反射率ｒ ＝P /P ＝(Z －Z )/(Z ＋Z )より １→２ Ｒ Ｉ ２ １ １ ２ 鋼：Z ＝5,900×7,800＝ 46.02×10６kg/ｍ２ｓ １ 銅：Z ＝4,700×8,900＝ 41.83×10６kg/ｍ２ｓ ２ (41.83×10６－46.02×10６)/(46.02×10６＋41.83×10６)＝0.04769 →4.8％ Z <Z の時、計算結果はﾏｲﾅｽであるが、位相の反転だけなので、負号 ２ １ は無視する。",
9,"次の文は、垂直探傷における超音波の反射と通過について述べたものである。［１］に適する数値を 一つ選び、記号で答えよ。ただし、小数点以下第1 位を四捨五入せよ。 局部水浸法で厚さ30mm の鋼板を垂直探傷し、表面エコー高さを100％に調整したときの第1 回底面エ コー高さは［１］％となる。ただし、材料中の減衰及び音場の拡散は考慮に入れないものとする。また、 鋼材の密度は7.8ｇ/cm３、縦波音速は5,920m/s、水の密度は1ｇ/cm３、音速は1,480m/s とする。",6,12,13,94,c,音響ｲﾝﾋﾟｰﾀﾞﾝｽ Ｚ＝ρ×Ｃ（ρ：密度、Ｃ：音速） Ｚ＝1.0×1.48＝1.48（水） Ｚ＝7.8×5.92＝46.18（鋼） 1 2 水から鋼への境界面の音圧反射率は ｒ ＝(Ｚ-Ｚ)/(Ｚ+Ｚ)＝(46.18-1.48)/(1.48+46.18)＝0.938 １→２ 2 1 1 2 ⇒表面ｴｺｰ高さｈ =93.8% Ｂ また音圧往復通過率は Ｔ ＝1-ｒ２ ＝1－0.938２≒0.12 １→２ １→２ ⇒底面ｴｺｰ高さｈ =12% Ｂ 表示器上に現れるｴｺｰの大きさは、超音波の受信音圧に比例するの で、表面ｴｺｰ高さｈ を93.8%から100%にすると考えると、 Ｂ 底面ｴｺｰ高さｈ =12%は、93.8：100 = 12：χ Ｂ χ=12×100/93.8=12.79≒13%となる。,
10,次の文は、水から鋼に超音波が入射するときの現象に関する記述である。正しいものを一つ選び、 記号で答えよ。,水から鋼に垂直に入射した場合、水中では横波は伝搬しないため、境界面での反射は生じない。,水から鋼に斜めに入射した場合、水中では横波は伝搬しないため、鋼中に横波は伝搬しない。,縦波臨界角より大きな角度で水から鋼に斜め入射した場合、鋼中には横波だけが伝搬する。,水中の音速は鋼中の横波音速より小さいため、横波臨界角は存在しない。,c,縦波臨界角：屈折縦波が伝搬しないようになるときの入射角（α ） LC 縦波臨界角以上で超音波を入射させれば縦波は伝搬し ない。 横波臨界角：屈折横波が伝搬しないようになるときの入射角（α ） SC 横波臨界角以上で超音波を入射させれば横波は伝搬し ない。 水から鋼に入射する場合の縦波及び横波臨界角はｽﾈﾙの法則より以 下のように求めることができる。 縦波臨界角α ＝sin-（1 C/C ×sin90°）＝sin-（1 1480/5900）≒14.5° LC 1 Ｌ 横波臨界角α ＝sin-（1 C/C ×sin90°）＝sin-（1 1480/3230）≒27.3° SC 1 Ｓ C:水中の縦波音速(m/s)、C：鋼材中の縦波音速(m/s) 1 L C：鋼材中の横波音速(m/s) S 以上の関係を図に表わすと以下のようになる。 このように、縦波臨界角と横波臨界角の間で超音波が入射すると、 屈折横波だけが伝搬する。問題文では「縦波臨界角より大きい」とな っているが、これを正解とした。 （縦波臨界角を超え、更に横波臨界角を超えると横波も伝搬しない）,
11,次の文は、超音波探傷における波長の影響について述べたものである。正しいものを選べ。,波長が長いほど、小さいきずを見つけやすい。,波長が短いほど、金属中における散乱減衰が大きくなる。,波長が短いほど、近距離音場限界距離は短くなる。,波長が長いほど、指向角は小さくなる。,b,a)波長が短いほど小さいきずを見つけやすい。 b)正しい c) 波長が短いほど近距離音場限界距離は長くなる。χ ＝D２/4λ ０ d)波長が長いほど指向角は大きくなる。φ ＝70×λ/D ０,
12,次の文は、超音波の伝達特性について述べたものである。正しいものを一つ選び、記号で答えよ。,探傷面が粗い試験体では平滑な試験体に比べ、他の条件が同じ場合であっても、きずエコー高さは低く なる。,標準試験片のように表面が平滑な試験片では、接触媒質の種類を変えると、エコー高さは大きく異なる。,標準試験片のように表面が平滑な試験片の垂直探傷では、接触媒質層の厚さの変動によるエコー高さ の差は少ない。,探傷面が粗い試験体の超音波探傷では、周波数が低い方が感度の低下量は大きくなる。,a,きずの検出に関して、表面粗さの影響が大きく関わっている。これは 探触子の接触面における接触媒質の層が一様でないことが原因とし て挙げられる。探傷面が粗い試験体では、平滑な試験体に比べて感度 の低下量が大きくなり、きずｴｺｰ高さは低くなる。表面が平滑な場合 でも接触媒質層の厚さが厚いとｴｺ-高さは低くなり、差は大きい。,
13,次の文は、縦波と横波について述べたものである。正しいものを一つ選び、記号で答えよ。,横波は、せん断波とも呼ばれている。,グリセリンペーストを用いれば横波垂直探触子から発生した横波を直接試験体中に伝搬させることが できる。,横波垂直探触子では縦波と横波が同時に発生している。,横波垂直探触子から発生する横波は、縦波からのモード変換によって試験体中に伝搬している。,a,横波垂直探触子は横方向に振動する圧電素子で横波を発生するた め、油やｸﾞﾘｾﾘﾝでは横波を伝搬させることができない。このため、 横波伝搬用専用の接触媒質を用いる。,
14,次の文は、表面波について述べたものである。正しいものを一つ選び、記号で答えよ。,表面波とは、水浸法において試験体表面で反射された波のことである。,鋼中の表面波の音速は、横波の音速に近く、その約０.９倍である。,表面波の振動方向は、縦波と同一である。,表面波は物質の表面に沿って伝搬する波であり、表面に開口した割れが存在すると超音波は１００％反 射される。,b,ｱｸﾘﾙ中の縦波の入射角を横波の臨界角にすると、横波の屈折角が 90°になり表面波が発生する。 表面波は表面近傍だけにｴﾈﾙｷﾞが集中して伝わる波で縦振動(疎密) と横振動(横ずれ)を混合したような挙動を示す。表面波の音 速は鋼の場合2980m/s であり、横波3230m/s のおよそ0.9 倍とな る。（2980/3230≒0.9）,
15,次の文は、鋼板の板波探傷について述べたものである。正しいものを一つ選び、記号で答えよ。,厚さ3mm 程度の薄板の探傷には、板波が利用される。,板波を発生させるには、SH 波探触子を使用する。,板波には、対称モードと非対称モードがあるが、それぞれ異なった一定の音速であるので、入射角を 変化させていずれかのモードにして探傷する。,板波探傷には、板波探傷用の特殊な接触媒質を使用する。,a,板波は、板材中を伝搬する波で、平行な2 つの表面の存在により発生 する波である。減衰が少なく、長距離を伝搬して広範囲を効率的に探 傷できる特徴を有している。主に薄板中を伝搬させる波として使用 される。板波は、Lamb 波（ﾗﾑ波）とSH 板波の2 種類に分類され、ﾗﾑ 波は対称(S)ﾓｰﾄﾞと非対称(A)ﾓｰﾄﾞがあり、周波数によって音速が異 なる速度分散性と多くの振動ﾓｰﾄﾞがある多ﾓｰﾄﾞという特徴を有して いる。,
16,次の文は、ｸﾘｰﾋﾟﾝｸﾞ波について述べたものである。正しいものを一つ選び、記号で答えよ。,ｸﾘｰﾋﾟﾝｸﾞ波は、余り減衰しないので、伝搬距離の長い部位の探傷が可能である。,ｸﾘｰﾋﾟﾝｸﾞ波は、縦波屈折角を80 度程度にしたときに表面を伝搬する縦波のことである。,ｸﾘｰﾋﾟﾝｸﾞ波は、横波屈折角を90 度になるようにしたとき、最もよく伝搬する。,裏面で発生する2 次ｸﾘｰﾋﾟﾝｸﾞ波を用いると、X 開先溶接部の内部きずを検出することができる。,b,ｸﾘｰﾋﾟﾝｸﾞ波とは、振動様式で言えば縦波である。屈折角が90 度に 近い状態で伝搬する縦波をｸﾘｰﾋﾟﾝｸﾞ波と呼んでいるだけで、 ｸﾘｰﾋﾟﾝｸﾞ波探触子は、特殊な振動様式の波を送受信するものでは ない。したがって、ｸﾘｰﾋﾟﾝｸﾞ波探触子は、屈折角が大きい（80 度前 後）縦波斜角探触子であり、もちろん横波も発生している。表面及 び表面近傍のきずの検出、例えば溶接部の止端割れなどの検出に良 いとされている。,
17,次の文は、各種の超音波について述べたものである。正しいものを一つ選び、記号で答えよ。,横波は、超音波が伝搬する媒体の粒子の振動方向が、振動の伝わっていく方向と同じ方向になってい る波であり、一般的にはモード変換によって発生させている。,縦波は、超音波が伝搬する媒体の粒子の振動方向が、振動の伝わっていく方向と垂直になっている波 であり、固体中のみ伝搬する。,表面波は、材料の表面層だけ伝搬する波で、表面から1/10 波長分の非常に浅い層にエネルギの大部 分が集中している波である。,クリーピング波は、縦波屈折角が80 度に近いとき、材料中の表面に沿って伝搬し、波動様式は縦波 である。,d,"横波は、粒子の振動方向が振動の伝わる方向と直角になっている波 で、縦波は、粒子の振動方向が、振動の伝わる方向と一致している 波である。よってa),b)は誤り。 表面波は、その表面に波動ｴﾈﾙｷﾞが集中して振動し、伝搬していく波 で、表面から1 波長分の非常に浅い層にｴﾈﾙｷﾞの約9 割が集中してい る。よってc)も誤り。 ｄ）が正しい。",
18,次の文は、垂直探触子の近距離音場限界距離以遠での中心軸上の超音波の音圧について述べたもので ある。正しいものを一つ選び、記号で答えよ。,中心軸上の音圧は、振動子の面積に比例し、波長及び距離に反比例する。,中心軸上の音圧は、振動子の面積及び波長に比例し、距離に反比例する。,中心軸上の音圧は、振動子の面積及び距離に比例し、波長に反比例する。,中心軸上の音圧は、振動子の面積に反比例し、波長及び距離に比例する。,a,中心軸上の音圧分布における遠距離音場分布は、中心軸上の距離の 増加と共に単調減少するが、次式にて音圧P の近似値を得ることが できる。P=(A/λχ)×P A:振動子の面積、λ：波長、χ：距離 0 この式からも分かるように、振動子の中心軸上の音圧は、遠距離音 場では、振動子の面積A に比例し、距離χ及び波長λに反比例してい る。,
19,"次の文は、音圧反射率について述べたものである。 に適する数値を解答群より一つ選び、記号で 答えよ。ただし計算結果は小数点以下第2 位を四捨五入せよ。 水浸法で鋼材を周波数5MHz の探触子で垂直探傷を行なった。この時の鋼材表面における音圧反射 率は ％となる。なお、各材料の音速と密度は次のとおりである。 材 質 炭 素 鋼 水 音 速 ５,９００m/s １,４８０m/s 密 度 ７.９g/cm３ １.０g/cm３",0.9,88.0,93.8,96.8,c,"音圧反射率ｒ ＝P /P ＝(Z －Z )/(Z ＋Z )より １→２ Ｒ Ｉ ２ １ １ ２ 水：Z ＝ρ×C=1,000×1,480＝ 1.48×10６kg/ｍ２ｓ １ 1 1 鋼：Z ＝ρ×C=7,900×5,900＝46.61×10６kg/ｍ２ｓ ２ 2 2 (46.61×10６-1.48×10６)/(1.48×10６＋46.61×10６)＝0.9384→ 93.8%",
20,次の文は、アクリル樹脂と鋼との平らな境界面にアクリル樹脂側から縦波超音波が斜め入射した場合に ついて述べたものである。正しいものを一つ選び、記号で答えよ。,入射角が縦波臨界角より小さい場合、鋼中には屈折横波だけが伝搬する。,入射角が縦波臨界角より小さい場合、鋼中には屈折縦波だけが伝搬する。,入射角が縦波臨界角より小さい場合、鋼中には屈折縦波と屈折横波が伝搬する。,入射角が縦波臨界角より小さい場合、鋼中には屈折縦波も屈折横波も伝搬しない。,c,縦波臨界角α ＝sin-（1 C/C ×sin90°）＝sin-（1 2730/5900）≒27.6° LC 1 Ｌ 横波臨界角α ＝sin-（1 C/C ×sin90°）＝sin-（1 2730/3230）≒57.7° SC 1 Ｓ C:アクリル樹脂中の縦波音速(m/s)、C：鋼材中の縦波音速(m/s) 1 L C：鋼材中の横波音速(m/s) ＊ﾃｷｽﾄⅡP16 図2.20 を参照 S 縦波臨界角と横波臨界角の関係を図に表わすと下図のようになる。 よって、入射角が縦波臨界角より小さい場合、鋼中には 屈折縦波、屈折横波の両方が伝搬する。 また、入射角が縦波臨界角と横波臨界角の間にある場合、鋼中には 屈折横波だけが伝搬する。,
21,"次の文は、アルミニウム溶接部の斜角探傷について述べたものである。［１］～［３］に適する数値をそ れぞれ一つ選び、記号で答えよ｡ 板厚が25ｍｍのアルミニウム合金の突合せ溶接部を5Z10×10A70（STB 屈折角71.0 度）を用いて測定範 囲を200ｍｍにして探傷したところ、図１の探触子位置で最大エコー高さを示し、図２の探傷図形が得 られた。測定範囲の調整および屈折角の測定はSTB-A1（縦波音速5,900m/s、横波音速3,230m/s）を用 いて行い、特に補正を加えていない。 ただし、答えの小数点以下第２位を四捨五入せよ。なお、このア ルミニウム合金中の縦波音速を6,380m/s、横波音速を3,150m/s とする。 1) この探触子のアルミニウム合金中の屈折角は［１］度となる。 2) きずの位置を計算せよ。 きずの深さ位置［２］ｍｍ 溶接の中心からのずれ ：［３］ｍｍ（右の場合は－、左の場合は＋とする）",30.3,67.2,71.0,75.8,b,(1)ｱﾙﾐﾆｳﾑ合金中の屈折角 θ ＝ sin－１（ sin71.0 ﾟ×3150／3230）＝67.2 ﾟ ＡＬ ※C ：ｱﾙﾐﾆｳﾑ合金中の横波音速、C ：鋼中の横波音速 ＡＬ Ｆｅ (2)きずの位置：表示器上のﾋﾞｰﾑ路程は100mm であるから Ｗ ＝(C ／C ）× Ｗ ＝（3150/3230）×100＝97.52mm ＡＬ ＡＬ Ｆｅ Ｆｅ きずの深さ位置をｄとすると ｄ＝2t－Ｗ cosθ ＝2×25-97.5×cos67.2°＝12.2mm ＡＬ ＡＬ 探触子－きず距離をｙとすると ｙ＝Ｗ sinθ ＝97.5×sin67.2＝89.9mm ＡＬ ＡＬ Ｙ－ｙ＝91-89.9＝1.1mm→左側＋1.1mm,ut_2022_04_q21.png
22,次の文中は、角部における超音波の反射について述べたものである。 に適する数字を一つ選び、記 号で答えよ。 鋼材中で、横波超音波が図1 のように直角な角に入射角６８°で入射するとき、図２を利用して ２回の反射による音圧反射率を求めると ％となる。,13,20,42,83,c,ｺｰﾅｰ部の反射では底面及び端面で 2 回反射が起こる。68°の入射角 で横波超音波がｺｰﾅｰ部の底面に入射した場合、端面での入射角は 22°となる。よって 2 回の反射による音圧反射率は、図 2 のｸﾞﾗﾌで 横波入射角22°の音圧反射率を求めると、42％または43%となる。,ut_2022_04_q22.png
23,次の文は、遅れエコーについて述べたものである。正しいものを一つ選び、記号で答えよ。,円柱材の試験体を側面から垂直探傷したとき、モード変換が原因で遅れエコーが現われる。,遅れエコーは、指向角が鋭いほど発生しやすい。,幅の広い試験体を垂直探傷した場合、底面エコーの後に一定間隔で遅れエコーが現われる。,幅が狭く長い試験体を長手方向に垂直探傷し、きずエコーを検出した場合、きずからの遅れエコーが 発生する場合がある。,d,超音波の拡がりに比べて、幅の狭い被検体の軸方向面に探触子を配 置すると、超音波が伝搬方向に垂直な側面に当たってﾓｰﾄﾞ変換を起 こし、遅れｴｺｰと呼ばれるｴｺｰが現われる。垂直探触子を用いて細長い 材料の端から軸方向に向かって超音波を送信すると、直進する超音 波もあれば、超音波の拡がりで側面に斜め入射した成分が反射し、 ﾓｰﾄﾞ変換が生じるものもある。 超音波ﾋﾞｰﾑが側面にあたってﾓｰﾄﾞ変換を起こすと、速度の遅い横波 で伝搬するため、必ず底面ｴｺｰよりも遅れて一定間隔で受信される。,
25,次の文は、円柱面エコーの発生原因について述べたものである。正しいものを一つ選び、記号で答えよ。,探触子の接触面積が大きくなり、指向角が小さくなった。,探触子の接触面積が大きくなり、指向角が大きくなった。,探触子の接触面積が小さくなり、指向角が大きくなった。,探触子の接触面積が小さくなり、指向角が小さくなった。,c,指向角 ψ ＝70λ/D(D：振動子直径) 丸棒の側面に探触子を接触 ０ させると接触面積が小さくなるため(見かけの振動子寸法が小さく なる)指向角が大きくなり丸棒側面から超音波が反射し円柱面ｴｺｰが 発生しやすくなる。,
27,次の超音波探触子のうち、一般的によく使用されているものを一つ選び、記号で答えよ。,水晶,ファインセラミックス,ジルコンチタン酸鉛,ニオブ酸リチウム,c,ジルコンチタン酸鉛系の振動子は、感度が高く、多くの探触子に採用 されており、PZT なる商標名の振動子は有名である。,
28,次の文は、超音波探触子の振動子材料の機能について述べたものである。正しいものを一つ選び、記号 で答えよ。,超音波の振動が振動子に伝わると、光電効果により電子が発生し、電気信号を得ることができる。,振動子に電圧が印加されると、逆圧電効果により超音波が発生する。,振動子に交流電流が流れることにより、電磁誘導現象により超音波が発生する。,超音波の振動が振動子に伝わると、温度が上昇し、熱起電力により電気信号を得ることができる。,b,探触子には、超音波ﾊﾟﾙｽの送受信を担う振動子が組み込まれている。 振動子には種々の材料があり、圧電現象、逆圧電現象を利用してい る。これらを圧電効果と呼んでいる。圧電効果を呈する材料を圧電材 料と呼ぶがこの圧電材料が振動子の材料として使われている。この 振動子に瞬間的に高い電圧を加えて振動させることで超音波が発生 している。,
29,次の文は、圧電効果について述べたものである。正しいものを一つ選び、記号で答えよ。,圧電効果は、圧力をかけると超音波が発生する現象である。,電圧をかけると圧力が発生する現象は、電圧力効果という。,圧電効果は、どんなセラミックスでも有する特長である。,圧電効果は、ピエゾ効果とよばれ、圧力をかけると電圧が発生する現象である。,d,探触子には、超音波パルスの送受信を担う振動子が組み込まれてい る。振動子には種々の材料があり、圧電現象、逆圧電現象を利用して いる。これらをまとめて、圧電効果又はピエゾ効果という。 ｾﾗﾐｯｸｽ（磁器）は酸化物等の無機物の焼結体である。代表的な圧電材 としてｼﾞﾙｺﾝﾁﾀﾝ酸鉛があるが、圧電効果はどんなｾﾗﾐｯｸｽでも有する 特徴ではない。,
30,次の垂直探触子のうち、指向角(φ0)の最も大きな探触子はどれか、正しいものを一つ選び、記号で答 えよ。,５Ｚ２０Ｎ,２Ｚ２０Ｎ,３Ｃ１５Ｎ,２Ｚ３０Ｎ,b,波長 λ＝C/ｆ（C：音速、ｆ：周波数） 指向角 φ＝70λ/D （D：振動子直径） 0 E E この式により低い周波数で、かつ、振動子直径の小さいものほど指向 角は大きくなる。,
31,次の文は、超音波ビームの指向性について述べたものである。正しいものを一つ選び、記号で答え よ。,周波数が高くなると指向角は小さくなる。,波長が長くなると指向角は小さくなる。,媒質の音速が速くなると指向角は小さくなる。,振動子の直径が小さいと指向角は小さくなる。,a,指向角φ は、振動子の直径D と波長λにより次式で表される。 ０ E 指向角 φ＝70λ/D 0 E 題意より、指向角φ が小さくなる条件は、振動子の直径Ｄ が大き ０ Ｅ いか、波長λが短い場合に指向角φ は小さくなる。 ０ また波長λはλ＝C/ｆで求まり、λが短くなる条件は、周波数ｆが高 いか、材料の音速Ｃが遅い場合にλは短くなり、指向角φ も小さく ０ なる。,
32,次の文は、正方形の探触子を有する斜角探触子の指向角について述べたものである。正しいものを一つ 選び、記号で答えよ。,５Ｚ１０×１０Ａ７０の場合、鋼の試験体中では上下方向と左右方向の指向角が等しい。,５Ｚ１０×１０Ａ７０の場合、鋼の試験体中では上下方向に比べて、左右方向の指向角が小さい。,５Ｚ１０×１０Ａ７０の場合、鋼の試験体中では左右方向に比べて、上下方向の指向角が小さい。,５Ｚ１０×１０Ａ４５の場合、鋼の試験体中では上下方向と左右方向の指向角が等しい。,b,斜角探触子の場合、試験体中における指向性は、見掛けの振動子の大 きさは左右方向では変わらないが、上下方向が小さくなる為、鋼の試 験体中では上下方向に比べて、左右方向の指向角のほうが小さくな る。,
33,次の垂直探触子のうち、近距離音場限界距離の最も長い探触子はどれか。正しいものを一つ選び、記号 で答えよ。,１０Ｃ５Ｎ,３Ｚ１０Ｎ,２Ｃ１５Ｎ,５Ｚ２０Ｎ,d,近距離音場限界距離χ０は次式で示される。 χ０＝D２/４λ＝D２ｆ/４C、ここでD：円形探触子の直径、 ｆ：周波数、λ：伝達媒質中の波長、C：伝達媒質中の音速,
34,次の文は、超音波ビームの規準化距離(n)について述べたものである。 に適する数値を一つ選 び、記号で答えよ。 鍛鋼品を2Z20N で垂直探傷し、ビーム路程205mm のところにきずを検出した。このビーム路程を規準化 距離に換算すると、ｎは である。ただし、鋼中の縦波音速を5900m/s とする。,2.4,4.8,6.0,6.5,c,DGS 線図の横軸は、近距離音場限界距離χ を用いて規準化した距離 ０ で表す。ｎ＝χ /χ は反射源までの、ｎ ＝χ /χ は底面までの Ｆ ０ Ｂ Ｂ ０ 規準化距離である。ﾋﾞｰﾑ路程205mm の所にきずを検出したのでχ Ｆ が205mm となり、近距離音場限界距離χ はχ ＝D２/4λで求める ０ ０ と、使用探触子が2MHz なので波長λは5.9/2=2.95mm なので χ ＝D２/4λ=400/4×2.95=33.9mm であるから、 ０ ｎ＝χ /χ ＝205/33.9=6.0 となる ⇒ ｃ） Ｆ ０,
35,次の文は、超音波探傷試験における周波数の選定について述べたものである。正しいものを一つ選び、 記号で答えよ。,薄板の探傷には、高い周波数が適している。,遠距離分解能は、低い周波数が優れている。,減衰の小さい試験体の底面に近いきずを検出するには、低い周波数が適している。,林状エコーが探傷の支障になるときは高い周波数を使用する。,a,a) 正しい。 b) は高い周波数が適する。分解能には、近距離分解能、遠距離分解 能、方位分解能があるがいずれの分解能も周波数が高い方が、波長 及びﾊﾟﾙｽ幅が短くなるのでよい。 c) は高い周波数が適する。減衰の少ない超音波の通りがよい材料の 場合、底面に近いきず検出は遠距離分解能に優れた方が有利とな る。上項の解説にもある通り、周波数は高い方がよい。 d)は 林状ｴｺｰが探傷の支障になる場合は、低い周波数が適してる。,
36,次の文は、鋼の組織と超音波の減衰の関係について述べたものである。正しいものを一つ選び、記号 で答えよ。,焼入れ焼戻しされた材料は、減衰が小さい。,結晶粒による減衰は、一般に周波数が高くなると小さくなる。,鍛造打放し材を焼ならししても、一般に減衰の程度は変わらない。,結晶粒が微細であると、結晶粒界が多くなるので、結晶粒界による超音波の散乱が増加し、減衰が 増加する。,a,結晶粒が小さいほど、林状エコーや減衰は少なくなる。また、炭素鋼 において焼入れ焼戻しされた材料や焼ならしを施すと、金属組織が 微細化して超音波の伝搬が良くなり減衰は小さくなる。結晶粒の粗 い材料などの探傷では、低い周波数の探触子を使用する。,
37,次の文は、超音波の減衰係数について述べたものである。 に適する数値を一つ選び、記号で答えよ。 ただし、答えは小数点以下第３位を四捨五入せよ。 厚さ50mm の鋼板を、5C20N の探触子で垂直探傷を行い、健全部でB１＝75%、B２＝15%の底面エコーを得 た。拡散損失を0.4dB、探傷面での反射損失を1.5dB、底面での反射損失を0.2dB とすると、この鋼板の 超音波の減衰係数は、 （dB/mm）である。,0.12,0.14,0.24,0.28,a,減衰係数α＝｛(B/B) －(拡散損失＋反射損失)｝/（2×ｔ） 1 2 底面ｴｺｰから求めたdB 値、(B/B)(dB)＝20log(75/15)＝20log5 1 2 ＝14dB α＝｛14-(0.4+1.5+0.2)｝/(2×50)＝0.119dB/mm≒0.12dB/mm,
38,次の文は、鍛鋼品の減衰係数の測定について述べたものである。 に適する数値を一つ選び、記号 で答えよ。 厚さが500mm で25μmＲｚに仕上げ加工した鍛鋼品を探触子2Z28N で探傷したところ、健全部において B１/B２の値が12.5dB であった。この鍛鋼品の減衰係数を計算した結果、[１]dB/mm となった。ただし、 探傷面での反射損失は3dB/回、底面での反射損失は1dB/回とする。,0.003,0.005,0.009,0.013,a,B/B=12.5dB、探傷面の反射損失=3dB、底面での反射損失1dB、 1 2 X＝28２/(4×5.9/2)＝66.4 ｎ=500/66.4＝7.5＞4 従って 0 拡散損失は6dB 減衰係数α＝｛(B1/B2) －(拡散損失＋反射損失)｝/（2×ｔ） ＝｛12.5-(6.0+3.0+1.0)｝/（2×500）＝0.0025dB/mm→0.003dB/mm ここで 6.0 は拡散損失、3.0 は探傷面での反射損失、1.0 は底面で の反射損失を示す。,
39,次の文は、鍛鋼品の超音波探傷における超音波の減衰係数について述べたものである。［1］に適する 数値を解答群から一つ選び、記号で答えよ。ただし、小数点以下第4 位を四捨五入せよ。 測定範囲を500mm にして鍛鋼品（表面仕上げ25μmＲＺ）を2C20N で超音波探傷したところ、健全部に おいてB１のエコー高さが90%、B２のエコー高さが20%であった。この条件で、探傷面及び底面での反射 損失をそれぞれ2.5dB/回、1.2dB/回とすると、この鍛鋼品の減衰係数は［1］dB/mm となる。,0.008,0.017,0.023,0.033,a,X＝20２/(4×5.9/2)＝33.9 ｎ=200/33.9＝5.9＞4 従って拡散損失 0 は6dB B/B(dB)＝20log(90%/20%)＝13.06dB 1 2 探傷図形より試験体の厚さは200mm 減衰係数α＝｛(B/B) －拡散損失－反射損失｝/（2×ｔ） 1 2 ＝(13.06-6.0-2.5-1.2)/（2×200）＝0.0084≒0.008dB/mm ここで-6.0 は拡散損失、-2.5 は探傷面での反射損失、-1.2 は底面で の反射損失を示す。,ut_2022_04_q39.png
40,次の文は、各種超音波探傷法について述べたものである。正しいものを選べ。,表面波は試験体表面下、一波長程度の範囲を伝搬するため、表面波法で探傷するときは、表面きずの 深さが数波長を超えると測定精度が極端に悪くなる。,TOFD 法は、回折波が発生しやすいように振動子寸法の小さい、広い指向角を有する高分解能縦波斜角 探触子で、試験周波数は１MHｚが多く使用される。,表面波探傷法では、二探触子法を用いれば、きずの密着状態やきず内部の充填物の種類等による測定精 度のばらつきを無視してもよい。,一般の斜角探傷法では、溶接部探傷の際、きずの傾きや形状の影響を強く受けるが、TOFD 法による探 傷ではそれらの影響を受けにくい。,d,"表面に開口しているきずは、きずの深さが波長の数倍を超えても測 定精度が悪くなることはない。 TOFD 法を適用する場合、一回の走査で広い領域を一度に検査するた め、探触子は振動子直径の小さい、広い指向角の高分解能縦波探触子 が使用されるが、あまり広い範囲を検査しようとするとSN 比が低下 し回折波の識別が悪くなる。通常周波数5MHz、振動子径10mm 前後、 屈折角45°,60°,70°が用いられ、この方法は、きずの形状や傾き にそれほど影響を受けない。",
41,次の文は、広帯域超音波探触子について述べたものである。正しいものを一つ選び、記号で答えよ。,広帯域探触子から送信される超音波の周波数は、狭帯域探触子が送信する超音波の周波数より周波数 帯域が広い。,広帯域探触子から送信される超音波の波数は、狭帯域探触子が送信する超音波の波数より多い。,送信する超音波の波数が少ない方が、周波数帯域が狭くなる。,超音波探触子の周波数特性を表すQ 値は、周波数帯域幅を中心周波数で除したものである。,a,振動の波数が1～2 波の超音波ﾊﾟﾙｽは広い周波数帯域をもつ。このこ とから、1～2 波振動の超音波ﾊﾟﾙｽを送受信する探触子を、広帯域探 触子、又はﾊﾟﾙｽ幅が狭く距離分解能が高いことから、高分解能探触子 とも呼ぶ。広帯域探触子に対して、5～8 波振動の一般的な探触子を、 狭帯域探触子と呼ぶ。広帯域探触子は、林状ｴｺｰが現われる粗粒材に 適用すると、林状ｴｺｰ（ﾉｲｽﾞ）のﾚﾍﾞﾙを抑え、SN 比を向上させる。 一方、周波数成分が幅広いので、DGS 手法でのきずｴｺｰの評価には不 向きとされている。,
43,次の文は，垂直探傷における感度調整について述べたものである。正しいものを一つ選び、記号で答え よ。,底面エコー方式による感度調整は、減衰が少ない試験体にだけ適用できる。,底面エコー方式による感度調整は、試験体の探傷面と底面が平行でないと適用できない。,底面エコー方式による感度調整は、減衰の著しい試験体のとき、きずを過小評価する恐れがある。,底面エコー方式による感度調整は、試験体の探傷面の粗さや減衰の影響を受けやすい。,b,底面ｴｺｰ方式は、きず深さに応じた感度補正を行えば減衰の大きい試 験体にも適用できる。また、底面ｴｺｰ方式による感度調整は、試験体 の探傷面と底面が平行でなくては適用できないが、探傷面の粗さの 影響を受けにくい。但し減衰の著しい試験体ではきずを過大評価す るおそれがある。,
44,次の文は、板厚25mm の鋼板突合せ溶接部の斜角探傷において、JIS Z 3060 によるきずの指示長さの 測定方法について述べたものである。正しいものを一つ選び、記号で答えよ。,きずの指示長さは、1mm 単位で測定する。,きずエコー高さが領域Ⅲのきずの場合は、きずの指示長さの測定は行わない。,M 検出レベルでは、エコー高さがM 線を超える探触子の移動距離できずの指示長さを測定する。,探触子の種類によっては、M 線できずの指示長さを測定する場合がある。,a,JIS Z 3060 では、『きずの指示長さは、最大ｴｺｰ高さを示す探触子溶 接部距離において左右走査し、ｴｺｰ高さがL 線を超える探触子の移動 距離とする。この長さは1mm 単位で測定する。』とある。また、『公称 周波数2MHz～2.5MHz の探触子を使用する場合には、最大ｴｺｰ高さの 1/2(—6dB)を超える探触子の移動距離とする。』とある。 領域によるきずの指示長さの測定を行うものは、検出ﾚﾍﾞﾙによって 異なり、L 検出ﾚﾍﾞﾙでは領域Ⅱ、Ⅲ、Ⅳ、M 検出ﾚﾍﾞﾙでは領域Ⅲ、Ⅳ のきずが対象となる。,
45,次の文は、透過法による超音波探傷試験について述べたものである。正しいものを一つ選び、記号で 答えよ。,端部エコー法は、透過法の一種である。,透過法には、二振動子垂直探触子が使用される。,透過法は、送受二個の探触子を用いて探傷を行う。,透過法には、斜角探触子を用いることはできない。,c,図に示すように、送信した探触子で受信するのか、又は、別の探触子 で受信するのかにより、反射法と透過法に分類される。反射法は、き ずや底面での反射波により探傷を行うもので、試験体の同一表面（探 傷面）で超音波を送受信する。透過法は、きずや試験体の組織による 超音波の減衰から内部の状況を判断するもので、試験体の異なる表 面で超音波を送受信することが多い。 透過法,
46,次の文は、端部エコー法について述べたものである。正しいものを一つ選び、記号で答えよ。,端部エコーが検出されると、きずの先端形状を推測したきずの評価が可能である。,端部エコー法は、送信探触子と受信探触子を用いた二探触子法で行う。,探触子の種類を変えて探傷すれば、全ての溶接きずの端部エコーが検出される。,端部エコー法によりきず高さを測定してきずを評価する場合、きずエコー高さの領域は無視してもよい。,d,端部ｴｺｰ法はきずの上端部ｴｺｰ及び下端部ｴｺｰを捉えきず高さを測定 する方法で、点集束探触子を用いて直射法で測定するとｴｺｰの識別性 及び測定精度が向上する。端部ｴｺｰ法は端部ｴｺｰを捉えることできず 高さを測定しているため、ｴｺｰ高さ領域は関係ない。,
47,次の文は、端部エコー法について述べたものである。文中の に適する数値を一つ選び、記号で答 えよ。 板厚が45mm の鋼突合せ溶接継手を5Z10×10A45(STB 屈折角44.5 度)の探触子を用いて端部エコー法で探 傷した。きずの上端部からのエコー(WFU)及び下端部からのエコー(WFL)がそれぞれ32.0mm、54.5mm に現れ た。きずの高さはおよそ mm であると推定される。,14,16,18,20,b,きず上端部の深さ：W ×cosθ=32.0×cos44.5°=22.8mm FU きず下端部の深さ：W ×cosθ=54.5×cos44.5°=38.9mm FL きずの高さ＝きず下端部の深さ－きず上端部の深さ ＝38.9-22.8=16.1mm ⇒b),
48,次の文は、溶接部の超音波探傷について述べたものである。正しいものを一つ選び、記号で答えよ。,板厚の厚い内部の溶込み不良の検出には、タンデム探傷法が有効である。,板厚の厚い内部の溶込み不良の検出には、Ｖ透過法が有効である。,Ｖ開先溶接部の溶込み不良の検出にはタンデム探傷法が有効である。,アンダーカットの検出にはタンデム探傷法及びＶ透過法が有効である。,a,タンデム探傷法は X 開先溶接部の内部溶込み不良や I 開先溶接部の 融合不良などの探傷面に垂直な面状きずを効果的に検出する方法で ある。透過法は、一般的にきずの検出には向いていない。感度補正量 を求める時や、音響異方性の測定、探傷屈折角の測定などに用いる。,
49,次の文は、厚鋼板溶接部のタンデム探傷について述べたものである。正しいものを一つ選び、記号で答 えよ。,タンデム探傷法は、２個の探触子を使用するため、一探触子法のような探傷不能領域はない。,タンデム探傷法は、板厚が厚くなるほど屈折角を大きくした方がきずは検出し易い。,タンデム探傷法は、Ⅹ開先溶接部の溶込み不良や、狭開先溶接部の開先面の融合不良の検出に適して いる。,タンデム探傷法は、厚鋼板溶接部の裏側の溶込み不良の検出に適している。,c,ﾀﾝﾃﾞﾑ探傷法：X 開先溶接部の内部溶込み不良や狭開先溶接部の融合 不良などの探傷面に垂直な面状きずを効果的に検出できる方法で、 送信用、受信用の 2 個の探触子を前後に配置して探傷する。溶接部 の余盛や探触子間距離により探傷不能領域がある。,
50,次の文は、鋼材溶接部をTOFD 法を用いて探傷する場合に使用する探触子について述べたものである。 正しいものを一つ選び、記号で答えよ。,溶接部を挟んで、送信及び受信用縦波斜角探触子を試験体表面に配置して、探傷する。,溶接部を挟んで、送信及び受信用横波斜角探触子を試験体表面に配置して、探傷する。,溶接部を挟んで、送信及び受信用表面波探触子を試験体表面に配置して、探傷する。,溶接部を挟んで、送信及び受信用クリーピング波探触子を試験体表面に配置して、探傷する。,a,TOFD 法とは、きずの検出及びきずの高さ寸法を同時に行う方法であ る。この方法は、溶接部を挟んで2 つの縦波斜角探触子を向かい合わ せに配置し、一方を送信用に他方を受信用とし、試験体の板厚全体に 超音波を伝搬させる。きずが存在すると、きずの上下端部からの散乱 波を得ることができる。,
51,次の文は、垂直探傷試験における探触子の選定方法について述べたものである。正しいものを一つ選び、 記号で答えよ。,広帯域探触子を使用すると、結晶粒の大きな材料の探傷では林状エコーが多く現れる。,広帯域探触子は、そのエコーに広い帯域の周波数成分を含んでいるから、DGS 線図の利用に適する。,厚い試験体を探傷するには、振動子の直径の小さい探触子が適している。,探傷面が粗いときには、アクリル樹脂などの遅延材付きの探触子が適している。,d,a) 広帯域探触子(高分解能探触子)はSN 比の向上が期待できる。 b) 広帯域探触子は種々の周波数成分を含んでいるから、DGS 線図の 利用には適さない。 c) 厚い試験体には、直径の大きい探触子の方が指向角は小さいので 適する。 d) 遅延材付探触子：粗い面での探傷の安定化を図る。 遅延材と接触媒質の音響ｲﾝﾋﾟｰﾀﾞﾝｽはほぼ等しく、接触媒質の層の厚 さの不均一性が緩和され、水浸法と同様に表面粗さの影響を受けに くくなる。,
52,ある試験体を探触子5Z20N を用いて超音波探傷したら林状エコーが多く現れ、探傷ができなかった。 林状エコーを減らすためには、下記のどの探触子を用いて探傷すればよいか。,１０Ｃ１０Ｎ,５Ｑ２０Ｎ,５Ｚ１０Ｎ,Ｂ５Ｃ２０Ｎ,d,試験体内部にある多くの微小境界面（主に結晶粒界）によるｴｺｰが林 状ｴｺｰである。探傷感度を上げたときに現れる。このような場合、低 い周波数の探触子を選ぶか、広帯域（高分解能）探触子を選ぶのが良 い。B5C20N は広帯域（高分解能）探触子である。,
53,次の文は、超音波探傷試験における試験周波数の選定方法について述べたものである。正しいものを 一つ選び、記号で答えよ。,探傷面に近いきずを検出するときは、高い周波数が適している。,きずの位置決定の精度を上げるためには、低い周波数が適している。,伝搬距離が長い場合は、高い周波数が適している。,小さいきずを検出するためには、一般に低い周波数が適している。,a,探傷面に近いきずや小さいきずの検出及びきず位置決定の精度を上 げるためには高い周波数が適している。 伝搬距離が長い場合は、低い周波数が適している。,
54,次の文は、JIS Z 2305 で決められているNDT 指示書について述べたものである。正しいものを一つ選び、 記号で答えよ。,NDT 指示書は、レベル１以上の技術者が作成する。,NDT 指示書は、レベル２以上の技術者が作成する。,NDT 指示書は、レベル３技術者のみが作成する。,NDT 指示書は、総合管理技術者のみが作成する。,b,P2 1.3 ﾚﾍﾞﾙ2 技術者の役割 (3)NDT ｺｰﾄﾞ、規格、仕様書及び手順書を実際の作業条件に適したNDT 指示書に書き換える。,
55,次の文は、NDT 指示書の記述について述べたものである。正しいものを一つ選び、記号で答えよ。,NDT 指示書は、レベル1 技術者が探傷条件を自由に選べるように幅広く指定するように記述する。,NDT 指示書は、レベル1 技術者が探傷条件を誤ることがないように、具体的な探傷条件を記述する。,NDT 指示書は、レベル1 技術者が探傷結果について、記録する項目を増やせるように空欄を多くとり、 何でも書けるように記述する。,NDT 指示書は、レベル1 技術者が探傷条件を選択できるように、数多くの探傷条件を載せたものを 作成する。,b,NDT 指示書の定義はJIS Z 2305 に『確立されたNDT 手順書、規格、 ｺｰﾄﾞ又は NDT 手順書に基づいて NDT を実施する際に、従わなければ ならない正確な手順を詳細に記述した文書』とあり、ﾚﾍﾞﾙ2 以上の技 術者が作成すると規定されている。NDT 指示書は、製品の検査作業を 行う探傷試験技術者が、NDT 手順書で具体的に記載や指示がない項目 を、間違いなく正確に検査作業ができるように、検査工程の手順ご と、段階ごとに手順を追って記載したものである。,
56,次の文は、鋼板に存在するラミネーションの検出について述べたものである。正しいものを一つ選び、 記号で答えよ。,ラミネーションの検出には、一探触子法による斜角探傷を行う。,ラミネーションの検出には、タンデム法による斜角探傷を行う。,ラミネーションの検出には、垂直探傷を行い、きずエコーの有無を調べる。,ラミネーションの検出には、垂直探傷を行い、底面エコーのみの減衰状況を調べる。,c,ﾗﾐﾈｰｼｮﾝの検出には、垂直探傷によりきずの有無を調べる。 ﾗﾐﾈｰｼｮﾝは鋼板に発生するきずで、二枚割れとも呼ばれ、広範囲に鋼 板の圧延方向に発生する。 底面ｴｺｰのみの減衰状態を調べ、減衰していたとしてもﾗﾐﾈｰｼｮﾝが発 生していない場合もあり判断できない。,
57,次の文は、鍛鋼品の垂直探傷について述べたものである。正しいものを一つ選び、記号で答えよ。,林状エコーが多く、底面エコーが現れない場合、探傷感度をもっと高くする。,林状エコーが多く、底面エコーが現れない場合、探傷感度をもっと低くする。,林状エコーが多く、底面エコーが現れない場合、試験周波数をもっと高くする。,林状エコーが多く、底面エコーが現れない場合、試験周波数をもっと低くする。,d,林状ｴｺｰは超音波の波長が金属の結晶粒の大きさと同程度ないしそ れ以下のとき、又は、結晶粒が粗大な場合には、散乱減衰が大きく、 また、結晶粒界における散乱などによる林状ｴｺｰが現れきずの検出が 困難になる。このような場合、低い周波数を適用する。（広帯域探触 子の使用も効果がある。）,
58,次の文は、鍛鋼品の超音波探傷が鋼板に比べて探傷に技量が必要とされる理由について述べたものであ る。正しいものを一つ選び、記号で答えよ。,表面が打放しのままや、粗さが異なる機械加工されているものがある。,きずの方向が、超音波探傷のビームの方向に延伸しているきずが多い。,結晶が粗大な部分と細い部分が混在しており、周波数の異なる種々の超音波探触子を使用する必要があ る。,大型品が多く、メタルフローが複雑になっておりきずの方向性が複雑である。,d,鍛鋼品には多くの材質があり、その形状・寸法も変化が大きく、 きずの種類やその存在の仕方も一定でない。このため探傷方法も それらによって大きく異なってくるので目的に応じた最適な探傷 方法を選定する必要があり、鍛鋼品の製造工程や発生するきずに対 する十分な知識をもった技術者が行わなければならない。,
59,次の文は、溶接部の探傷における横割れの検出について述べたものである。正しいものを一つ選び、 記号で答えよ。,横割れの検出には、横方形走査が適している。,横割れを検出するための斜め平行走査では、横割れに入射する超音波の入射角をできるだけ大きくする 必要がある。,横割れの検出には、可能であれば余盛を切削して溶接線上走査で行うのがよい。,横割れを検出するためのまたぎ走査では、横割れに入射する超音波の入射角をできるだけ大きくする 必要がある。,c,斜め平行走査及び溶接線上走査は、図に示すように溶接部の横割れ を検出するための検出方法である。横割れは一般に溶接部の最終層 直下に発生し、溶接線に対してほぼ直角に進展する。斜め平行走査の 場合、横割れに超音波が入射する角度（入射角α）は、できるだけ小 さな値にする必要があり、屈折角70°の探触子を使用する。 溶接部の余盛を切削した状態で適用される溶接線上走査は、これら の特別な探触子の配置を考える必要がない。二探触子法で横割れを 検出する場合は、またぎ走査法がある。これは、一探触子法（特に斜 め平行走査）で、うまく反射超音波を受信できない場合に適用され る。,
60,次の語句は、溶接部に発生する「横割れ」を検出する探触子の走査方法を示したものである。最も適切 な方法を一つ選び、記号で答えよ。ただし、溶接部の表面側の余盛は削除されているものとする。,前後走査,斜め平行走査,左右走査,溶接線上走査,d,斜め平行走査及び溶接線上走査は、溶接部の横割れを検出するため の走査方法である。溶接部に余盛がある場合、溶接部線上に探触子を 走査させることが不可能であり、この場合は斜め平行走査により行 われる。また、溶接余盛が削除されている場合は溶接線上走査を適用 する。題意では溶接部の余盛が削除されているため、溶接線上走査が 適した走査方法となる。,
61,次の文は、溶接部の斜角探傷試験におけるきずの検出について述べたものである。正しいものを一つ選 び、記号で答えよ。,ベベル角30 度のV 開先突合せ溶接部に発生する開先面の融合不良の検出には、屈折角60 度の探触子 を用いて一回反射法で探傷するのがよい。,ベベル角30 度のV 開先突合せ溶接部に発生する開先面の融合不良の検出には、屈折角45 度の探触子 を用いて直射法で探傷するのがよい。,縦割れの検出には、周波数は2MHz よりも5MHz の方が適している。,縦割れの検出には、屈折角は70 度よりも45 度が適している。,a,"超音波は入射角がきず面に直角に入射するのがよい。a),b)の場合、 ベベル角が 30 度であるため、一回反射法においては屈折角 60 度を 使用すると、反射源に直角に入射することになるので、a)が正しい。 c),d)の縦割れの検出に関しては、きず面になるべく垂直に近い70 度 の屈折角で、指向性の鈍い（周波数の低い）斜角探触子を使用するの がよい。縦割れの開口部を裏面から 0.5 スキップで探傷する場合、 45 度の方が70 度より反射能率が良く検出能力は高いが、余盛が有る 溶接部の場合、板厚が薄いと接近限界のため適用できないので、45 度 が優れているとは言えない。",
63,次の文は、鋳鋼品を超音波探傷する場合に、注意する事柄について述べたものである。正しいものを一 つ選び、記号で答えよ。,鋳鋼品には、引け巣のような強度に影響するきずが発生するので、きずの発生を予測して、垂直探傷 や斜角探傷も行う必要がある。,鋳鋼品は、熱処理が行われるため、減衰は小さいので、一般鋼材と同じ周波数で探傷が可能である。,鋳鋼品は、結晶粒が小さく、減衰も小さいので、一般鋼材と同じ周波数で探傷が可能である。,鋳鋼品は、表面が機械加工されるので、表面粗さを考慮しなくてよい。,a,鋳鋼品は、炭素量0.15～0.5%の鋳造性の良好な鋼、またはその鋳鋼 品である鋼鋳物である。炭素量を変化させて性質を調整できるが、 一般に強靭で耐衝撃性に優れる。金属組織が均一で機械的性質に方 向性がなく、溶接が容易である。その反面、収縮率が大きく鋳込み 温度が高く、鋳造欠陥が出やすい。そのため、きずの発生を予測し て、垂直探傷や斜角探傷を行う必要がある。,
64,次の文は、図のような正方形の角材の側面のA 面と90 度異なるB 面から超音波探傷したときの探傷結果 について述べたものである。正しいものを一つ選び、記号で答えよ。,A 面から探傷したときとB 面から探傷したときのF/BFが同じであったので、小さな割れのような きずである。,A 面から探傷したときとB 面から探傷したときのF/BFが大きく異なったので、面状の割れが長手方向に 伸びたきずである。,A 面から探傷したときとB 面から探傷したときのF/BGが同じであったので、大きな割れのような きずである。,A 面から探傷したときとB 面から探傷したときのF/BGが大きく異なったので、小さな割れのような きずである。,b,F/B：検出したきずの最大ｴｺｰ高さと、この時の底面ｴｺｰ高さに対する F 比。 F/B：健全部における底面ｴｺｰ高さを表示器上である高さに調整した G 時、この調整感度で検出したきずの最大ｴｺｰ高さと、表示器上で調 整した底面ｴｺｰ高さに対する比。 a) はA 面とB 面からのF/B が同じなので、小さい割れではなく、 F 球面状のきずが推定される。 b) はA 面とB 面からのF/B が大きく異なるので、面状の割れが推 F 定される。 c) はA 面とB 面からのF/B が同じなので、大きな割れではなく球 G 面状のきずが推定される。 d) はA 面とB 面からのF/B が大きく異なるので、小さい割れでは G なく大きな割れが推定される。,ut_2022_04_q64.png
65,次の文は、NDIS2432「角形鋼管柱溶接部の超音波探傷探傷試験方法」について述べたものである。正し いものを一つ選び、記号で答えよ。,角形鋼管柱溶接角部でも、平板突合せ溶接部の探傷条件を適用すればよい。,角形鋼管柱角部の探傷は、曲率があっても超音波の伝達損失が大きいので接触媒質は粘性の高いものを なるべく厚く塗って探傷する。,角形鋼管柱角部は曲率があるので、専用のシューを取り付けて探傷しなければならない。,きずときずの間隔の求め方は、実測の指示長さによらず別に定められた計算式で行う。,d,a)角形鋼管柱溶接角部は平板溶接部と違い、探傷表面が曲率をもつ 為、平板溶接部と同じ探傷方法を適用できない。 b)接触媒質の塗布は、全体に薄く均一に塗布する。 c) 探触子の接触面の曲面加工は行わない。 d)正しい。,
66,次の文は、超音波探触子の振動子に用いられる圧電素子の特徴及び用途について述べたものである。 正しいものを一つ選び、記号で答えよ。,水晶は、温度変化が少なく変換効率も高いので斜角探触子に使用される。,ジルコンチタン酸鉛は、変換効率が高いので高感度の探触子として使用される。,硫酸リチウムは、機械的なダンピングが掛けにくいので低い周波数の探触子として使用される。,ニオブ酸リチウムは、低い周波数の探触子や広帯域探触子に使用される。,b,水晶は最も古くから垂直探触子の圧電材として使用されるが、経年 変化が少なく、安定して使用できる。ただし、変換効率（電気信号⇔ 超音波）が低く、機械的ﾀﾞﾝﾋﾟﾝｸﾞが掛けにくい。 ｼﾞﾙｺﾝﾁﾀﾝ酸鉛は変換効率が最もよく、ｺﾝﾎﾟｼﾞｯﾄ型にすることで高感 度で良好な分解能の探触子が製作できるので、高感度が要求される 探触子に使用される。 硫酸ﾘﾁｳﾑは音響ｲﾝﾋﾟｰﾀﾞﾝｽが低いので水浸探触子に有利であるが、水 に溶ける。また機械的ﾀﾞﾝﾋﾟﾝｸﾞを掛けやすい。広帯域探触子に使用さ れるが、機械的耐久性は最も脆弱である。 ﾆｵﾌﾞ酸ﾘﾁｳﾑはｷｭﾘｰ点が 1200℃と高く、高い温度まで圧電材を維持で きるので高温用探触子に使用される。ただし、分解能はよくない。,
67,次の文は、斜角探触子について述べたものである。正しいものを一つ選び、記号で答えよ。,斜角探触子の接触面が磨耗すると、屈折角が変化することがある。,探触子のダンパは、周波数を安定させるために付けている。,斜角探触子の吸音材は、探傷感度を高めるために付けている。,斜角探触子のくさびの音速は、温度が変化しても変わらない。,a,a)斜角探触子の接触面が不均一な摩耗をすると、屈折角は変化する。 b)ﾀﾞﾝﾊﾟは振動子の不要な振動を抑制し、振動子を保持する。 c)吸音材は振動子から発生した超音波ﾋﾞｰﾑがくさび内で反射し、振 動子に再び戻るｴｺｰを吸収する働きがあり、不感帯を改善する。 d)くさびの温度が高くなると音速は遅くなり、鋼中の音速が変わらな ければ鋼材中への屈折角は大きくなる。,
68,次の文は、二振動子垂直探触子の特性について述べたものである。正しいものを一つ選び、記号で答 えよ。,二振動子垂直探触子を用いて、きずをＦ/ＢＦで評価することができる。,厚鋼板の探傷に用いられる二振動子垂直探触子は、鋼板の厚さが６ｍｍから４０ｍｍの間で変化して も、第１回目の底面エコー高さはほとんど変化しない。,二振動子垂直探触子は、その特性から試験体の表面近くのきずの検出が可能である。,二振動子垂直探触子は、ＳＮ比が高いため、交束範囲に関係なく、板厚が薄くても厚くても探傷が可能 である。,c,二振動子探触子は、送信、受信専用の2 枚の振動子を設けた形式の探 触子で、送受信振動子には若干の角度がつけられており、表面直下の きず検出や、厚さ測定用として使用される。交軸点近傍の検出能力が 高くなることにより特定の部位のＳＮ比を良くして探傷したい場合 などに用いられる。,
69,次の文は、広帯域探触子について述べたものである。正しいものを一つ選び、記号で答えよ。,広帯域探触子は、パルス幅が広く、不感帯が大きいため垂直探触子には使用できない。,広帯域探触子は、ダンピングが大きく、パルス幅が狭いという特徴を持っている。,広帯域探触子は、減衰の多い材料には使用できない。,広帯域探触子のことをクリーピング波探触子ともいう。,b,広帯域探触子は、振動の波数が1～2 波の超音波ﾊﾟﾙｽを送受信する 探触子で、ﾊﾟﾙｽ幅が狭く距離分解能が高いことから、高分解能探触子 ともいう。広帯域探触子に対して、5～8 波振動の一般的な探触子を、 狭帯域探触子と呼ぶ。広帯域探触子は林状ｴｺｰが現われる減衰の多い 粗粒材に適用すると、林状ｴｺｰのﾚﾍﾞﾙを抑えてSN 比を向上させる。 一方、周波数成分が幅広いので、DGS 手法でのきずｴｺｰの評価には適 用できない。,
70,次の文は、アルミニウム用斜角探触子について述べたものである。 に適する数値を解答群から選 び、記号で答えよ。ただし、答えは小数点以下第2 位を四捨五入せよ。 アルミニウム用の公称屈折角70 度の斜角探触子を、垂直探触子とアクリル樹脂のくさびを用いて作 りたい。このとき、くさびの角度は［1］度とした。ただし、アルミニウムの縦波音速は 6260m/s、横波音速は3080m/s、アクリル樹脂の縦波音速2730m/s、横波音速1430m/s とした。,12.4,24.2,25.4,56.4,d,ｱﾙﾐﾆｳﾑ中を70 度の横波で屈折するときのｱｸﾘﾙ中の縦波入射角は、 ｽﾈﾙの法則より sin－１α＝(sin70°×2730/3080)＝0.8329→ α＝56.398°＝56.4° ﾃｷｽﾄⅡＰ12 の図 2.14 を参照するとｱｸﾘﾙ入射角αとくさびの角度は 等しい。よって、くさび角度は56.4 度となる。,
71,次の文は、くさび材料のポリスチレンを用いた斜角探触子について述べたものである。正しいものを 一つ選び、記号で答えよ。,摩耗によって磨き減ったクサビはアクリル樹脂板を貼り替えて再生することは、規格で認められている。,摩耗によって磨き減ったクサビを貼り替える場合、アクリル樹脂板が最適である。,摩耗によって磨き減ったクサビを貼り替える場合、超音波の伝達特性を考慮すると、元のクサビの材質 と同じ樹脂板が最適である。,摩耗によって磨き減ったクサビを再生する場合、元の材質にかかわらず超音波が伝達するものであれば どのような樹脂でも使用できる。,c,斜角探触子のクサビは主にｱｸﾘﾙ(PMMA)が使用されているが、その他 にﾎﾟﾘｲﾐﾄﾞ系(PI)、ﾎﾟﾘｽﾁﾚﾝ(PS)などがある。ｱｸﾘﾙが最も安価である が、ﾎﾟﾘｽﾁﾚﾝはこの中で最も減衰が少なく、音響ｲﾝﾋﾟｰﾀﾞﾝｽがｸﾞﾘｾﾘﾝと ほぼ同等であるため、JIS Z 3060 に規定されている100mμRz 以下の 面粗さであれば感度補正をする必要はない。そのため、ﾎﾟﾘｽﾁﾚﾝを用 いた斜角探触子の場合、貼り替えるｸｻﾋﾞの材料は同じﾎﾟﾘｽﾁﾚﾝを使用 するのがよい。また、ﾎﾟﾘｲﾐﾄﾞ系はこの中で最も耐摩耗性があり、熱 変形温度も150～470℃までと高く、高温用探触子に用いられる。,
72,次の文は、フェーズドアレイ探触子について述べたものである。正しいものを一つ選び、記号で答え よ。,フェーズドアレイ探触子は、一枚の大きな振動子で製作されている。,フェーズドアレイ探触子は、複数の振動子を三次元的な配列にして制作されている。,フェーズドアレイ探触子は、個々の振動子に電圧を印加する順番を電子的に調整することで、斜めに超 音波を伝搬させることができる。,フェーズドアレイ探触子は、個々の振動子に電圧を印加する順序は常に一定の順序である。,c,ｱﾚｲ探触子は、多くの小さい振動子からなり、各々の振動子に励起信号 を印加するﾀｲﾐﾝｸﾞを電気的に制御して、超音波を集束させたり、斜め に伝搬させたりする。この探触子を使用するには、素子数分の送信部 が必要となり、専用の探傷器が用いられる。,
73,次の文は、探触子ケーブルについて述べたものである。正しいものを一つ選び、記号で答えよ。,超音波探傷に用いる探触子ケーブルには、同軸ケーブルが用いられている。内部導体と外部導体及び絶 縁体と被覆で構成されているため、曲げ変形には強い構造となっている。,探触子ケーブルは作業性を重視し、柔らかく耐久性のあるものを選択するのがよい。,現場の探傷作業において、接栓形状の異なる探触子を使用する場合、複数の変換コネクタを用意してお くと、一本の探触子ケーブルで間に合わせることができる。,探触子ケーブルは、安全性を重視し、太くて曲がりにくいものを選択する。,b,探触子ｹｰﾌﾞﾙは、探傷器の送信部からのﾊﾟﾙｽ電圧を探触子に伝え、探触 子が受信した微小な信号を探傷器の受信部に伝える役割を担ってい る。探触子ｹｰﾌﾞﾙには同軸ｹｰﾌﾞﾙが使用されている。同軸ｹｰﾌﾞﾙには種々 の太さのｹｰﾌﾞﾙがあるが、一般的な電灯線ほど丈夫でない。したがっ て、極端な角度に折れ曲げたりしないことはもちろん、現場作業にお いては予備のｹｰﾌﾞﾙを準備しておくことも必要である。 ｹｰﾌﾞﾙの両端にはｺﾈｸﾀ（接栓）があり、接続を容易にしている。ｺﾈｸﾀに は数種類あり、探触子及び探傷器に適合するものを用いる。,
74,次の文は、垂直探触子の保護膜について述べたものである。正しいものを一つ選び、記号で答えよ。,保護膜を使用すると安定した超音波の伝達が可能となるので、垂直探傷のほか斜角探傷や板波探傷でも 用いる。,保護膜の厚さが変化すると、同じ反射源でもエコー高さが変化する。,保護膜の厚さの変化は、試験周波数には影響を及ぼさない。,保護膜を使用すると、一般にパルス幅が小さくなる。,b,保護膜は、振動子を保護する役割もあるが、探傷面が粗い場合に接触 のなじみを良くし、保護膜がない場合より、安定した探傷ができる。 直接接触法の垂直探触子では、振動子の前面に保護膜を取り付けて いるが、斜角探触子では、くさびを取り付けており、保護膜は取り付 けない。垂直探触子に保護膜を使用する場合、その厚さによって超音 波の透過率が変化し、同じ反射源からのｴｺｰ高さは変化する。 保護膜の厚さが厚く、透過率が悪い場合、試験周波数が高いと十分な 反射ｴｺｰが得られない場合がある。,
75,次の文は、デジタル探傷器について述べたものである。正しいものを一つ選び、記号で答えよ。,デジタル探傷器は、探触子ごとのエコー高さ区分線を一度作成しておけば、長時間にわたって エコー高さ区分線を使用することができる。,デジタル探傷器に接続した探触子は、探傷前に入射点、屈折角を調整しておけば使用中の探触子の 変化は自動的に補正される。,デジタル探傷器では、探触子の走査速度を早くすると探傷ﾃﾞｰﾀを数値として記憶するため、その サンプリングを細かくしないとエコーの最大値が真の値と異なる場合がある。,デジタル探傷器はメモリ機能が優れているので、アナログ探傷器に比べて電池の消耗が著しい。,c,ﾃﾞｼﾞﾀﾙ探傷器は、ｻﾝﾌﾟﾘﾝｸﾞの頻度（周波数）が多いと再現表示される 波形は受信した波形に近くなり、ｻﾝﾌﾟﾘﾝｸﾞ頻度が少ないと本来の最 大値を表示できない場合がある。,
76,次の文は、デジタル探傷器について述べたものである。正しいものを一つ選び、記号で答えよ。,一度保存したエコー高さ区分線を、異なる屈折角の探触子でも再び呼び出して使用することができる。,斜角探触子の屈折角及び板厚を入力しておくと、斜角演算機能により、きずの深さ位置及び探触子きず 距離を表示できる。,デジタル探傷器は、探傷結果の電気的な読取りが速い。そのため、走査速度はアナログ探傷器よりもか なり速くできる。,デジタル探傷器は、送信信号もデジタル化されている。,b,デジタル探傷器 :表示から設定調整器までデジタルで行うもので、 探傷器の設定の記憶、ビーム路程の数値表示、斜角探傷における反射 源の深さや反射源－探触子距離の表示ができ、更には探傷図形の記憶 やプリンターと接続して探傷図形をプリントしたりできる等、アナロ グ探傷器にはない多彩な機能を持っている。,
77,次の文は、デジタル探傷器を用いた作業について述べたものである。正しいものを一つ選び、記号で答 えよ。,デジタル探傷器では、ゲート内に現れたエコーの位置を表示する機能が備わっている。このため、 ゲートの起点はビーム路程零点付近から測定範囲の最大値まで設定しておくと作業能率が向上する。,デジタル探傷器では、音速値を設定すれば、測定範囲の調整ができる。,デジタル探傷器では、各種の探傷に適切なゲート位置、ゲート幅を調整する必要がある。,デジタル探傷器では、一度標準試験片で測定した入射点、屈折角及び作成したエコー高さ区分線を記 憶しておけば、探傷現場に標準試験片を持参して調整しなくても探傷可能である。,c,ﾃﾞｼﾞﾀﾙ探傷器では、ｹﾞｰﾄを使用することで、目的のｴｺｰに対する種々 の数値を表示する役割として主に使用する。ｴｺｰ高さについては、多 くはｹﾞｰﾄ内の最大高さを検出してｴｺｰ高さを表示する。ｹﾞｰﾄ内に二つ 以上のｴｺｰが表示されている場合、一番高いｴｺｰの高さが表示される （機種によってはｹﾞｰﾄ内の最初のｴｺｰで表示の場合もある）。したがっ て、設定したｹﾞｰﾄ内に着目するｴｺｰのみにｹﾞｰﾄがかかるようにｹﾞｰﾄの 幅、位置などを調整する必要がある。,
79,次の文は、超音波探傷器のパルス繰返し周波数について述べたものである。正しいものを一つ選び、 記号で答えよ。,パルス繰返し周波数を高くすると、林状エコーが生じやすくなる。,パルス繰返し周波数を高くすると、遅れエコーが生じやすい。,パルス繰返し周波数を高くすると、残留エコーが生じやすい。,パルス繰返し周波数を高くすると、自動探傷速度を速くできない。 [1] [2] [3] [4],c,残留ｴｺｰとはﾊﾟﾙｽ反射法において試験体中のｴｺｰが次のﾊﾟﾙｽが送信さ れた後も残っているため、受信されて探傷図形に現れるｴｺｰをいう。 ｺﾞｰｽﾄｴｺｰともいう。減衰の少ない材料を探傷する場合、ﾊﾟﾙｽ繰返し周 波数が高いと、一つ前のﾊﾟﾙｽが残ってしまい、残留ｴｺｰとして現れる。 この場合ﾊﾟﾙｽ繰返し周波数を低くするとよい。,
80,次の文は、超音波探傷における不感帯について述べたものである。正しいものを一つ選び、記号で答え よ。,不感帯の大きさは、試験体の金属組織に大きく影響される。,不感帯とは送信パルスやくさび内エコーのため超音波探傷ができない領域のことをいう。,不感帯の大きさは、使用探触子の近距離音場限界距離に反比例する。,不感帯の大きさは、測定範囲の大小に比例する。,b,不感帯は送信ﾊﾟﾙｽの追い込みやクサビ内ｴｺｰのため超音波探傷ができ ない領域であり不感帯は短いほうがよい。,
81,次の文は、超音波探傷器における分解能について述べたものである。正しいものを一つ選び、記号で答 えよ。,分解能には、近距離分解能、遠距離分解能及び時間軸分解能の３つがある。,方位分解能とは、探傷面からある程度以上の深さにあって、深さ位置の異なる接近した２個の反射源か らのエコーを区分して識別できる能力をいう。,近距離分解能とは、垂直探傷において、近距離音場限界距離内にあるきずエコーと、近接するエコーと を区別して識別できる能力をいう。,遠距離分解能とは、遠距離音場内にあるビーム路程の異なる２個の反射源からのエコーを区別して識別 できる能力をいう。,d,a)分解能には近距離分解能、遠距離分解能、方位分解能の3 つ。 b)方位分解能は、同じ距離にある 2 個の反射源を 2 個として識別で きる能力。 c)近距離分解能は、垂直探傷において、探傷面に接近した反射源と探 傷面からのｴｺｰを識別できる能力。 d)遠距離分解能は、探傷面から離れたところにある2 個の反射源か らのｴｺｰを識別できる能力。,
82,次の文は、接触媒質について述べたものである。正しいものを一つ選び、記号で答えよ。,グリセリンと油を比較するとグリセリンの方が伝達効率が高い。,グリセリンと油を比較するとグリセリンの方が音響インピーダンスが低い。,グリセリンと油の音響インピーダンスは変わらない。,グリセリンとグリセリンペーストを比較するとグリセリンペーストの方が音響インピーダンスは大き い。,a,a)グリセリンの方が伝達効率が高いので、正しい。 b)グリセリンの方が音響インピーダンスが高い。 c)グリセリンの方が音響インピーダンスが高い。 d)グリセリンペーストはグリセリンに界面活性剤、粘性剤、防錆剤を 添加したもので、濃度75%以上のグリセリンと同じ伝達効率である。,
83,次の文は、接触媒質について述べたものである。正しいものを一つ選び、記号で答えよ。,接触媒質は、作業性を重視し、安価なものを用いた方が経済的である。,ｸﾞﾘｾﾘﾝﾍﾟｰｽﾄは、グリセリンに少量の界面活性剤と粘性剤を添加したもので、伝達効率がよく、発錆作用 が全くないのが特徴である。,グリセリンは、伝達効率がよく、表面粗さが粗い場合や黒皮付きの鋼板にも適用可能で、グリセリン濃 度50%以上で使用することがJIS Z 3060 で規定されている。,マシン油は、防錆効果があり標準試験片に適用されるが、グリセリンに比べて超音波の伝達効率は低い。,d,a)接触媒質は安価で入手しやすいことは重要であるが、伝達効率の良 いものを選択する必要がある。 b)ｸﾞﾘｾﾘﾝﾍﾟｰｽﾄはｸﾞﾘｾﾘﾝに少量の界面活性剤と粘性剤を添加したもの で、ｸﾞﾘｾﾘﾝ同様の伝達効率があるが、ｸﾞﾘｾﾘﾝ同様、発錆作用がある。 c)濃度75%以上のものを使用する。 d)ﾏｼﾝ油とｸﾞﾘｾﾘﾝの音響ｲﾝﾋﾟｰﾀﾞﾝｽはｸﾞﾘｾﾘﾝの方が高いため、超音波 の伝達効率はｸﾞﾘｾﾘﾝの方がよい。,
84,次の文は、横波垂直探触子を用いた探傷に使用する接触媒質について述べたものである。正しいものを 一つ選び、記号で答えよ。,マシン油を使用する。,グリセリンペーストを使用する。,水を使用する。,専用の接触媒質を使用する。,d,横波垂直探触子は液体(水、ｸﾞﾘｾﾘﾝﾍﾟｰｽﾄ、ﾏｼﾝ油)を伝搬しないため、 一般的な接触媒質は使えない。よって横波専用接触媒質を使用する。,
85,次の文は、標準試験片の音速について述べたものである。正しいものを一つ選び、記号で答えよ。,鋼中の音速は、縦波5900m/s、横波3230m/s であるので、STB-A1 を用いて探傷器の調整を行うにはこ の値を使用すればよい。,標準試験片であっても、音速は個別に測定する必要がある。,STB-A1、STB-A2 形系及びSTB-A3 形系標準試験片の横波音速は全て同じである。,STB-A1 は材質がSM490 であるので、どの試験片でも音速は同じである。,b,JIS Z 2345-1 附属書A では、『試験片の音速測定方法』が規定され、 本文6.試験片の音速では、音速の許容値をSTB-A1 の縦波音速が 5920m/s±30m/s、横波音速が3245m/s±15m/s と規定されている。,
86,次の文は、ＮＤＴ指示書について述べたものである。正しいものを一つ選び、記号で答えよ。,NDT 指示書は、レベル3 の資格者が作成しなければならない。,NDT 指示書は、作業別に必ず準備しなくてはいけない文書である。,NDT 指示書は、作成にあたって購入者の承認を得なければならない。,NDT 指示書は、購入者から提示を求められた場合、参考として開示しなければならない。,d,NDT 指示書はﾚﾍﾞﾙ2 以上の技術者によって作成されるが、必ず準備し なければならない文書ではなく、必要に応じて準備する文書である。 また、この文書はノウハウを含む場合が多く顧客には提出しないが、 提示を求められれば参考として開示する文書である。,
87,次の文は、板材を超音波探傷する際のきずエコーの発生予測について述べたものである。正しいものを 一つ選び、記号で答えよ。,板材は圧延されるので、圧延方向に伸びたきずが板厚の表面に発生することが多い。,板材は、熱間状態から冷却されるときに収縮によるパイプ状きずが板厚の中央付近に発生することが多 い。,板材は、熱間状態から冷却されるときに収縮によるブローホール状きずが板厚の中央付近に発生するこ とが多い。,板材は圧延されるので、圧延方向に伸びた平面状のきずが板厚の中央付近に発生することが多い。,d,鋼板のきずには内部きずと表面きずがあるが、超音波探傷試験の対 象になるのは内部きずである。内部きずの多くはスラブ製造段階で 発生したパイプ、気泡や非金属介在物が原因である。一般に鋼板のき ずは圧延によって長手方向（圧延方向）に延ばされ、板厚に平行で細 長くなっているので、板厚方向の垂直探傷が行われる。,
88,次の文は､溶接部の斜角探傷について述べたものである。正しいものを一つ選び、記号で答えよ。,一般に、V 開先の溶込み不良は、ブローホールより高いエコー高さになる。,X 開先の溶込み不良は、V 開先の溶込み不良に比べて著しく高いエコー高さになる場合がある。,割れは面状きずで、かつ、面がギザギザしているのでいつも高いエコー高さになる。,ブローホールは球状となっているので、反射指向性が大きく高いエコー高さになる。,a,a)正しい。 b)X 開先の溶込み不良はﾀﾝﾃﾞﾑ探傷法により検出する方がよい。 c)割れに対する超音波の入射角の変化や割れ面のギザギザにより いつも高いエコー高さを与えるとは限らない。 d)ﾌﾞﾛｰﾎｰﾙは球状のため超音波での検出は困難とされている。,
89,次の文は、溶接部のきずの発生予測について述べたものである。正しいものを一つ選び、記号で答えよ。,溶接部に発生する融合不良は、ルート面にだけ発生する。,溶接部に発生するスラグ巻込みは、開先面や多層盛の層間に発生する。,溶接部に発生するブローホールは、開先面に発生する。,溶接部に発生する溶込み不良は、開先面に発生する。,b,きずの発生位置 融合不良：開先面及び層間 ｽﾗｸﾞ巻込み：開先面及び層間 ﾌﾞﾛｰﾎｰﾙ：溶接部全域 溶込み不良：ﾙｰﾄ部,
90,次の文は、JIS G 0801 に基づく鋼板の探傷における探傷箇所について述べたものである。正しいものを 一つ選び、記号で答えよ。,鋼板の探傷箇所の走査区分には、Ａ形、Ｂ形、Ｃ形、Ｄ形の４区分がある。,鋼板の探傷箇所の走査区分Ａ形は、通常、圧延方向及びその直角方向１００ｍｍピッチの線上、又は 圧延方向若しくはその直角方向５０ｍｍピッチの線上を探傷する。,鋼板の探傷箇所の走査区分Ｂ形は、通常、圧延方向及びその直角方向２００ｍｍピッチの線上、又は 圧延方向若しくはその直角方向１００ｍｍピッチの線上を探傷する。,鋼板の探傷箇所の走査区分Ｃ形は、鋼板の四周辺又は開先予定線だけを探傷する。,d,"a)鋼板の探傷箇所の走査区分には、S,A,B,C 形の4 区分がある。 b)鋼板の探傷箇所の走査区分A 形は、通常、圧延方向及びその直角 方向200mm ﾋﾟｯﾁの線上、又は圧延方向若しくはその直角方向100mm ﾋﾟｯﾁの線上を探傷する。 c)鋼板の探傷箇所の走査区分B 形は、圧延方向又はその直角方向 200mm ﾋﾟｯﾁの線上を探傷する。 d)正しい。",
91,次の文は、JIS Z 3060 に基づく鋼溶接部の探傷における探傷範囲の選定について述べたものである。 正しいものを一つ選び、記号で答えよ。,突合せ継手で片面両側から探傷を行う場合、探傷範囲は、直射法及び一回反射法の範囲である。,突合せ継手で両面両側から探傷を行う場合、探傷範囲は、直射法及び一回反射法の範囲である。,T 継手で両面片側から探傷を行う場合、探傷範囲は、直射法及び一回反射法の範囲である。,角継手で片面片側から探傷を行う場合、探傷範囲は、直射法の範囲である。,a,JIS Z 3060 付属書B では、探傷方向を以下のように規定している。 突合継手片面両側の探傷：直射法及び一回反射法 突合継手両面両側の探傷：直射法 T 継手片面片側の探傷：直射法及び一回反射法 T 継手両面片側の探傷：直射法 角継手片面片側の探傷：直射法及び一回反射法,
94,次の文は、JIS Z 3060 によりSTB-A2 形系のφ4mm、深さ4mm の標準穴を用いて感度調整する場合につ いて述べたものである。正しいものを一つ選び、記号で答えよ。,屈折角45 度の探触子を使用する場合は、H 線に探傷感度を合わせて探傷を行う。,屈折角65 度の探触子を使用する場合は、H 線に探傷感度を合わせて探傷を行う。,屈折角70 度の探触子を使用する場合は、H 線に探傷感度を合わせて探傷を行う。,屈折角60 度の探触子を使用する場合は、M 線に探傷感度を合わせて探傷を行う。,c,JIS Z 3060 付属書B ではSTB-A2 を使用した感度調整を以下のように 規定している。 公称屈折角 70 度を使用する場合は、標準穴のｴｺｰ高さを H 線に合わ せて必要に応じて感度補正を加えて、探傷感度とする。 公称屈折角 65 度を使用する場合は、標準穴のｴｺｰ高さを M 線に合わ せて必要に応じて感度補正を加えて、探傷感度とする。 公称屈折角 45 度を使用する場合は、標準穴のｴｺｰ高さを H 線に合わ せて調整した後、ｹﾞｲﾝを6dB 上げ、必要に応じて感度補正を加えて、 探傷感度とする。 公称屈折角60 度を使用する場合は、STB-A2 を使用して、感度調整を 行わないものとする。,
95,次に示す値は、「鋼構造建築溶接部の超音波探傷検査規準・同解説」に規定する対比試験片のARB の標準 穴の直径について示したものである。正しいものを一つ選び、記号で答えよ。,φ1.4mm,φ3.0mm,φ3.2mm,φ5.6mm,c,下図はARB 対比試験片の寸法・形状を示す。,
96,次の文は、JIS Z 3060 について述べたものである。正しいものを一つ選び、記号で答えよ。,JIS Z 3060 に規定している領域とは、エコー高さを測定してきずを分類するために、表示器上に作成さ れたエコー高さの範囲をいう。,JIS Z 3060 に規定している領域とは、エコー高さによってきずの種類を推定するために、表示器上に作 成されたエコー高さの範囲をいう。,JIS Z 3060 に規定している領域Ⅱとは、M 線とH 線に囲まれた領域をいう。,JIS Z 3060 では、距離振幅特性曲線により作成されたエコー高さ区分の範囲を、下から領域Ⅰ、Ⅱ、Ⅲ、 Ⅳ及びⅤと名付けている。,a,a)正しい。 b)JIS Z 3060 ではｴｺｰ高さからきずの種類を推定するような規定は なく、領域はきずを評価するために用いられる。 c)JIS Z 3060 で規定している領域は、L 線以下をⅠ、L 線を超えM 線 以下をⅡ、M 線を超えH 線以下をⅢ、H 線を超えるものをⅣとしてい る。 d)JIS Z 3060 ではb)で記したように、領域はⅠからⅣまでとなって おり、領域ⅤというのはH 線+6dB をU 線として、U 線を超える範 囲を『日本建築学会規準』でⅤ領域と規定している。,
97,次の文は、JIS Z 3060 による鋼溶接部の斜角探傷において、探傷条件を調整する内容について述べた ものである。正しいものを一つ選び、記号で答えよ。,斜角探触子の入射点の測定及び測定範囲の調整に、STB-A22 試験片を用いる。,使用する最大ビーム路程が200mm 以下であれば、探傷感度の調整にはSTB-A2 のφ4mm、深さ4mm の標準 穴を用いる。,エコー高さ区分線の作成には、試験体の板厚にかかわらずRB-41A №4 を用いる。,エコー高さ区分線の時間軸方向の作成範囲は、探傷に使用するビーム路程より大きい範囲とし、その 本数は3 本以上とする。,d,a)斜角探触子の入射点及び測定範囲の調整は STB-A1 又は A3 が使用 される。 b)STB-A2 で使用する最大ﾋﾞｰﾑ路程は150mm 以下としている。 c)RB-41A を使用してｴｺｰ高さ区分線を作成する場合、試験体の板厚に 応じて試験片の番号が規定されている。 d)正しい。,
98,次の文は、JIS Z 3060 に基づく鋼溶接部の斜角探傷における探傷感度の調整について述べたものであ る。正しいものを一つ選び、記号で答えよ。,探触子の屈折角70 度を使用する場合、RB-41A の標準穴のエコー高さをＨ線に調整する。,探触子の屈折角65 度を使用する場合、RB-41A の標準穴のエコー高さをＭ線に調整する。,探触子の屈折角70 度を使用する場合で、RB-41B を用いる場合、標準穴のエコー高さをＨ線に調整した 後、感度補正量が3dB を超える場合には感度補正を行う。,探触子の屈折角70 度を使用し、使用する最大のﾋﾞｰﾑ路程が200mm の場合で、STB-A2 を用いる場合、 φ4mm、深さ4mm の標準穴のエコー高さをＨ線に調整した後、感度補正量が4dB を超える場合には感度 補正を行う。,a,JIS Z 3060 附属書B では RB-41A による場合、標準穴のｴｺｰ高さが、H 線に一致するようｹﾞｲﾝを 調整し、探傷感度とする。 RB-41B による場合、標準穴のｴｺｰ高さが、H 線に一致するようｹﾞｲﾝを 調整し、必要に応じて感度補正量を加え、その条件を探傷感度とす る。 感度補正量の合計が2dB を超える場合には、感度の補正を行う。 STB-A2 による場合、使用する最大ﾋﾞｰﾑ路程が150mm 以下の場合に適 用する。公称屈折角が70 度を使用する場合、φ4×4mm の標準穴の ｴｺｰ高さがH 線に一致するようにｹﾞｲﾝを調整し、必要に応じて感度補 正量を加え、その条件を探傷感度とする。 感度補正量の合計が2dB を超える場合には、感度の補正を行う。,
99,次の文は、JIS Z 3060 に基づく曲率半径が200mm の円周継手溶接部の斜角探傷における探傷感度の調 整について述べたものである。正しいものを一つ選び、記号で答えよ。,RB-41A を用いて探傷感度を調整する。,RB-41B を用いて探傷感度を調整する。,RB-42 を用いて探傷感度を調整する。,RB-43 を用いて探傷感度を調整する。,c,JIS Z 3060 では、円周継手溶接部において曲率半径が1000mm 未満の 場合は曲率を有するとみなし、特に曲率半径が 250mm 未満の場合は 探傷面が曲率をもつ RB-42 又は RB-A6 を利用し、探傷感度の調整を 行う。,
100,次の文は、JIS Z 3060 にもとづく曲率半径が225mm の長手継手溶接部の斜角探傷における探傷感度の 調整について述べたものである。正しいものを一つ選び、記号で答えよ。,RB-41A を用いて探傷感度を調整する。,RB-42 を用いて探傷感度を調整する。,RB-43 を用いて探傷感度を調整する。,RB-A6 を用いて探傷感度を調整する。,c,JIS Z 3060 では、長手継手溶接部において曲率半径が1500mm 未満の 場合は曲率を有するとみなし、特に曲率半径が 250mm 未満及び肉厚 対外径比が16%以下の場合は探傷面が曲率をもつRB-43 を利用し、探 傷感度の調整を行う。,
101,次の文は、JIS Z 3060 に記載されているRB-41A について述べたものである。正しいものを一つ選び、 記号で答えよ。,RB-41A を用いてエコー高さ区分線を作成する場合、基準となる反射源に探触子を正対させるには、探 触子を試験片の側面に沿わせて前後走査させるとよい。,RB-41A は自作が可能で、直径3.2mm の横穴を加工する。,RB-41A は、探傷面を標準試験片のように平滑な面仕上げにする。,RB-41A は、試験体と同等の音響特性の鋼材、探傷面の状態で、曲率をもたないものとする。,d,反射源に探触子を正対させても、ﾋﾞｰﾑに偏りがあるとﾋﾟｰｸｴｺ-を検出 出来ているとは限らない。 走査は反射源の中央で行う。JIS Z 3060 でRB-41A は、『試験体と同等の音響特性の鋼材、探傷面の状態で、曲 率をもたないものとする。試験体との音速差は±2%以内、感度補正量 の差が±2dB 以内とする。』と規定されている。RB-41A は試験体の厚 さによって横穴の直径を3mm、6mm と変化させておりNo.7 は250mm を 超える厚物まで適用できる。,
102,次の文は、JIS Z 3060 に記載されている対比試験片について述べたものである。正しいものを一つ選 び、記号で答えよ。,RB-41A の標準穴は、板厚によってφ3.0mm とφ6.0mm の横穴がある。,RB-41A は、曲率のある円周継手溶接部の探傷に用いる対比試験片である。,RB-42 は、曲率のある長手継手溶接部の探傷に用いる対比試験片である。,RB-A6 の標準穴は、φ3.0mm の横穴がある。,a,RB-41 は試験体の厚さによって横穴の直径を3mm、6mm と変化させた もので、No.7 は250mm を超える厚物まで適用できる。探傷面の曲率 半径が50mm 以上1000mm 未満の円周継手溶接部の探傷には、RB-42 が 適用され反射源には直径 3mm の横穴が加工されている。探傷面の曲 率半径が50mm 以上1500mm 未満で、肉厚対外径比が16%以下の長手継 手溶接部の探傷には、RB-43 が適用される。また、RB-A6 は、円周継 手溶接部の探傷に適用され、直径4mm、深さ4mm の平底穴が加工され ている。,
103,次の文は、斜角探傷における超音波探傷器の探傷図形について述べたものである。正しいものを一つ選 び、記号で答えよ。,鋼溶接部の斜角探傷試験において、ゲート範囲は測定範囲全体に掛けておくと、作業効率を上げること ができる。,探傷の際、表示器の表示モードは常時ＭＡ波形表示に設定しておいた方が、きずの最大エコーを正しく 測定することができる。,デジタル探傷器を用いて斜角探傷を行う場合、あらかじめ探傷装置に屈折角と板厚の数値を入力して,デジタル探傷器を用いて斜角探傷を行う場合、ビーム路程の読み取りはゲートで捉えられたエコーにつ いて、表示部に示された数値を読み取るのがよい。,d,ｴｺｰ高さについては、多くはｹﾞｰﾄ内の最大高さを検出してｴｺｰ高さを 表示する。ｹﾞｰﾄ内に二つ以上のｴｺｰが表示されている場合、一番高い ｴｺｰの高さが表示される。したがって設定したｹﾞｰﾄ内に着目するｴｺｰ より高いｴｺｰがある場合、着目するｴｺｰのみにｹﾞｰﾄが掛かるように ｹﾞｰﾄ幅、位置などを調整する必要がある。,
104,次の文は、斜角探触子（5Z10×10A45、5Z10×10A60、5Z10×10A70）を用いた場合の鋼のコーナー エコーの反射率について述べたものである。正しいものを一つ選び、記号で答えよ。,反射率が高い順から並べると、７０度、６０度、４５度となる。,反射率が高い順から並べると、６０度、７０度、４５度となる。,反射率は、いずれも同じである。,反射率が最も低いのは、６０度である。,d,ｺｰﾅｰｴｺｰでの反射率は、高い順から並べると、45 度、70 度、60 度の 順となる。 （45 度は全反射、70 度は約50%、60 度は13%の反射率）,
105,音響異方性のある材料を横波垂直探触子を用いて厚さ測定したところ下記のような値が得られた。 この材料のSTB 音速比は である。正しいものを一つ選び、記号で答えよ。 試験体の厚さ（ｍｍ） STB-A1 厚さ（ｍｍ） マイクロメータでの測定 32.18 25.02 横波垂直探触子での測定 31.38 24.98,0.974,0.975,1.024,1.027,c,JIS Z 3060 では、STB 音速比の測定方法として以下のように規定し ている。 a)縦波探触子を使用する超音波厚さ計又は寸法測定器によって測定 した試験体及び標準試験片の板厚をそれぞれt(mm)、t (mm)とする。 M SM b)探傷器に使用する横波垂直探触子の振動方向が、試験体の探傷方 向と一致するようにして得られた板厚及び標準試験片で得られた板 厚をそれぞれt(mm)、t (mm)とする。 S STB c)これらの比を式(1)によって小数点以下3 桁まで求め、これをSTB 音速比(V/V )とする。 STB V/V =(t × t )/(t × t) …(1) この式より STB M STB SM S V/V =(32.18×24.98)/(25.02×31.38)=1.024 となる。 STB,
106,次の文は、鋼材溶接部に適用するV 透過探傷法について述べたものである。正しいものを一つ選び、 記号で答えよ。,Ｖ透過探傷法は、スラグ巻込みの検出に有効である。,Ｖ透過探傷法は、ブローホールの検出に有効である。,Ｖ透過探傷法は、層間の融合不良の検出に有効である。,Ｖ透過探傷法は、腐食の測定に有効な方法である。,c,V 透過探傷法は溶接部を挟んで送信用、受信用の探触子を対向させて 配置し、きずを見つける方法である。この場合、探傷面と平行のきず が最も良く見つけることができ、溶接部のきずの中ではﾊﾟｽ間層の融 合不良の検出が有効である。,
107,次の文は、Ｋ走査探傷法について述べたものである。正しいものを一つ選び、記号で答えよ。,Ｋ走査探傷法とは、鋼材溶接部のブローホールの検出を目的とした探傷法である。,Ｋ走査探傷法とは、鉄筋圧接部の不完全接合部の検出に用いる探傷法である。,Ｋ走査探傷法とは、探触子を向かい合わせた状態で探傷する方法である。,Ｋ走査探傷法とは、角継手の溶込み幅の測定に有効な探傷法である。,b,K 走査探傷法とは、鉄筋圧接部の不完全接合部を検出する探傷法であ る。鉄筋ガス圧接部の超音波探傷試験では、送信側探触子を鉄筋ﾘﾌﾞ 上にｾｯﾄし、反対側ﾘﾌﾞに受信側探触子をｾｯﾄして不完全接合部からの 反射波を検出する。送信側探触子から発信された超音波が不完全接 合部で反射され受信側探触子に受信される超音波の経路が英字の K に似ている所から、この探傷法をK 走査探傷法と呼ぶ。,
109,次の文は、垂直探傷におけるＳＴＢを用いた感度調整について述べたものである。正しいものを一つ 選び、記号で答えよ。,試験片方式による感度調整は、減衰の少ない試験体にだけ適用できる。,試験片方式による感度調整は、試験体の探傷面と底面が平行でないと適用できない。,試験片方式による感度調整は、減衰の著しい試験体のとき、きずを過小評価する恐れがある。,試験片方式による感度調整は、試験体の探傷面の粗さの影響を受けにくい。,c,試験片方式の主な特徴 ①試験片方式では試験面の粗さ、試験体の減衰の影響を受ける。 ②探傷面と底面は平行でなくてもよい。 ③減衰の大きな試験体では過小評価する。,
110,次の文は、垂直探傷における感度調整について述べたものである。正しいものを一つ選び、記号で答え よ。,底面エコー方式による感度調整では、試験体の減衰が大きい場合、きずを過小評価する傾向にある。,試験片方式による感度調整では、試験体の減衰が大きい場合、きずを過大評価する恐れがある。,底面エコー方式による感度調整は、試験体の探傷面の粗さの影響を受けにくい。,試験片方式による感度調整は、試験体の探傷面の粗さの影響を受けにくい。,c,底面ｴｺｰ方式による感度調整では、減衰が大きい場合きずを過大評価 する傾向がある。試験片方式による感度調整では、減衰が大きい場合 きずを過小評価する恐れがあり、また試験体の表面粗さの影響を受 けやすい。,
112,次の文は、探傷器のゲイン調整について述べたものである。正しいものを一つ選び、記号で答えよ。,表示器上、10%のエコーに対し、ゲイン値を12dB 上げると、そのエコーは50%になった。,表示器上、100%のエコーに対し、ゲイン値を14dB 下げると、そのエコーは10%になった。,表示器上、20%のエコーに対し、ゲイン値を2dB 上げると、そのエコーは35%になった。,表示器上、80%のエコーに対し、ゲイン値を10dB 下げると、そのエコーは25%になった。,d,a)12dB=20logχ ⇒ χ=4 倍 10%×4 倍=40% b)-14dB=20logχ ⇒ χ=0.2 倍 100%×0.2 倍=20% c)2dB=20logχ ⇒ χ=1.26 倍 20%×1.26 倍=25% d)-10dB=20logχ ⇒ χ=0.3 倍 80%×0.3 倍=25%,
113,次の文は、斜角探傷におけるエコー高さ区分線の作成について述べたものである。正しいものを一つ選 び、記号で答えよ。,表示器に描いたエコー高さ区分線は、探触子の購入時に描いたものが、そのまま使用できる。,周波数、振動子サイズ、屈折角が同じ探触子で同一の探傷器に接続して用いる場合に限り、ゼロ点補正 だけを行えば、エコー高さ区分線は共通に使用可能である。,RB-41Aを用いて作成したエコー高さ区分線を使用して試験体の探傷を行う場合は感度補正の必要はない。,エコー高さ区分線は、0.5S 及び1S の範囲は精度よく描かなければならないが、1.5S 以上の範囲では あまり使用されないため精度は要求されない。,c,対比試験片 RB-41B、A2 形標準試験片を用いてｴｺｰ高さ区分線を作成 した場合は、試験体との間で探傷面における伝達損失と減衰係数が 異なるため、JIS Z 3060 に従って感度補正を行う。RB-41A は、試験 体と同等の音響特性（試験体との音速差±2%以内、感度補正量の差が ±2dB 以内）の鋼材及び探傷面の状態で曲率をもたないことが要求さ れているため、感度補正は必要としない。,
115,次の文は、ＤＧＳ線図の利用について述べたものである。[１]に適する数値を１つ選び、記号で答え よ。 2C20N の探触子を用いて、厚さ200mm の鋼製試験体を垂直探傷した。探傷感度は試験片方式でSTB-G V8 の エコー高さを50%に調整した。ビーム路程150mm の位置でエコー高さ96%のきずを検出した。このきずを超 音波ビームに垂直な円形平面きずとして、その直径を、DGS 線図を使用して求めると、[１]ｍｍとなる。 ただし、STB と試験体における接触状態、減衰及び音速の違いは無視する。 [１],2.1,3.0,3.5,5.0,d,STB-G V8 の標準穴は探傷面から80mm で、その標準穴の直径は 2mm であることを覚える。最初に80mm の深さにある直径2mm の 相対ｴｺｰ高さは、DGS 線図より-36.5dB となる。この標準穴の ｴｺｰ高さF を50％に調整し、150mm の深さにあるきずを検出したと STB きのｴｺｰ高さF が96％という事は、標準穴に対してきずｴｺｰは 20logF/F ＝20log96/50＝5.7dB STB 標準穴の相対ｴｺｰ-36.5dB に比べて＋5.7dB がきずの相対ｴｺｰなので -36.5+5.7=-30.8dB となる。きずの深さ150mm の対する相対ｴｺｰ高さ -30.8dB をDGS 線図で等価きず直径を読むと、5.0mm となる。,ut_2022_04_q115.png
117,次の文は、DGS 線図を用いて等価きず直径を推定する方法について述べたものである。 に最も適す る手法を解答群から一つ選び、記号で答えよ。 DGS線図を用いて等価きず直径を推定する場合、基準としてSTB-Gの円形平面きずを用いる場合のほか、 方法がある。,STB-A2 φ4mm、深さ4mm の縦穴を基準とする。,RB-41A に規定する横穴を基準とする。,試験体の健全部の底面エコーを基準とする。,STB-N1 φ5.6mm の円形平面きずを基準とする。,c,DGS 線図を用いて等価きず直径を推定する方法としては、STB-G の円 形平面きず用いる試験片方式の他に、試験体健全部の底面ｴｺｰを基準 にする底面ｴｺｰ方式を用いる場合がある。,
118,次の文は、ＤＧＳ線図によるきずの大きさの推定について述べたものである。 に適する数値を一 つ選び、記号で答えよ。 周波数2MHz、振動子直径28mm の探触子を用いて、厚さ300mm の両面平行な鍛鋼品を垂直探傷した。健 全部の底面エコー高さを80%にしたときのゲイン調整器の値が20dB であった。そして、きずエコーが 探傷面から深さ140mm のところに検出された。そのエコー高さを80%にしたときのゲイン調整器の値は 38dB であった。このきずを超音波ビームに垂直な円形平面きずとして、その直径をDGS 線図を使用し て求めたところ、 mm となった。ただし、減衰係数の影響は無視できるものとする。 [１],2.3,3.2,4.2,7.9,c,厚さ300mm の底面ｴｺｰ高さは図の底面ｴｺｰ高さの交点より －10dB、きずｴｺｰ高さはこの底面ｴｺｰより(38dB-20dB)＝18dB 低い から、縦軸の値は、－10dB＋(－18dB)＝－28dB である。きず深さ は140mm であるから－28dB と140mm の交点を読むと4.2mm となる。,ut_2022_04_q118.png
119,次の文は、エコー高さの評価について述べたものである。正しいものを一つ選び、記号で答えよ。,F/BFとは、きずエコー高さときずエコーが最大となる位置での底面エコー高さとの比で、きずの大き さにかかわらず材料の減衰値が一定であれば常に一定の値になる。,F/BGを用いる場合、健全部の底面エコー高さで感度調整すれば、同材質、同一形状の試験体について 同一感度で探傷できる。,F/BGは、きずエコー高さと健全部の底面エコー高さとの比であるが、探傷面の粗さが変化してもF エコー高さもBGエコー高さも変わらない。,探傷面の粗さにかかわらず接触媒質の種類によるエコー高さへの影響はない。,b,F/B（ｴﾌ･ﾊﾞｲ･ﾋﾞｰｼﾞｰ）：健全部のB に対するきずｴｺｰの大きさ。 G 1 【特徴】①探傷面の影響を受ける。②同一材質、同一形状の試験体 の場合、作業性がよい。③大きなきずが傾いている場合、過小評価 になる。 F/B（ｴﾌ･ﾊﾞｲ･ﾋﾞｰｴﾌ）：きず検出部のB に対するきずｴｺｰの大きさ。 F 1 【特徴】①大きなきずか傾いている場合、F/B より評価が優れてい G る。②F/B はF/B よりもきずの大きさの定性的評価に適している。 F G ③探傷面の影響を受けにくい。,
120,次の文は、デシベル低下法を用いて大きな広がりを持った、きずの寸法の測定について述べたもので ある。次の文のうち正しいものを一つ選び、記号で答えよ。,デシベル低下法は、自動探傷に利用しやすい。,デシベル低下法は、伝達損失の影響を受けやすい。,デシベル低下法は、減衰の影響を受けやすい。,デシベル低下法は、きずエコー高さの影響を受けにくい。,d,"ﾃﾞｼﾍﾞﾙ低下法は、最大ｴｺｰ高さからｴｺｰ高さがＤe ﾃﾞｼﾍﾞﾙ低下する ときの探触子の移動距離をきず寸法とする方法でＤe 値として 6,10,20dB などが用いられる。きずの形状や傾きにより適切なＤe 値 を決めることが必要であり小さいきずほど過大評価しやすいが、 きずｴｺｰ高さの影響は受けにくい。",
121,次の文は、超音波探傷におけるきず高さの測定について述べたものである。正しいものを一つ選び、 記号で答えよ。,きず高さは、垂直探傷試験で容易に測定することができる。,きず高さは、探傷面からのきず上端部までの寸法である。,きず高さは、TOFD 法や端部エコー法で測定することができる。,きず高さは、V 透過法で測定することができる。,c,きず高さの測定方法には、端部ｴｺｰ法、表面波法及びTOFD 法などが ある。,
122,板厚19mm の鋼突合せ溶接部を5Z10×10A70 を用いて、STB-A2 により探傷感度を調整し、検出レベルを M 検出レベルに選定して斜角探傷した。その結果ビーム路程が59mm の位置にエコー高さが80％のきず エコーが検出された。このきずについて、左右走査グラフは図1 のとおりであった。また、エコー高さ 区分線は図2 のとおりである。このきずの指示長さはいくらになるか。正しいものを一つ選び、記号で 答えよ。なお、表示器の測定範囲は125mm である。,23,28,33,60,c,図1.左右走査ｸﾞﾗﾌ(探触子位置) 図2.ｴｺｰ高さ区分線 ①題意よりﾋﾞｰﾑ路程は59mm、測定範囲125mm であるから、きずｴｺｰ 高さは図2 のようになる。 ②きずｴｺｰと区分線M 線との交点は図2 より40％、L 線との交点は 20％と読み取ることができる。ゆえに、図1 の左右走査ｸﾞﾗﾌでは 探触子位置が 約152mm でM 検出ﾚﾍﾞﾙを超えるｴｺｰ高さのきず と評価する。 ③きずの指示長さはJIS Z 3060 ではM 検出ﾚﾍﾞﾙでも、きずの指示 長さ測定は L 線を超える探触子の移動範囲と定められている。 図1 に示すきずｴｺｰ高さ20％を超える範囲は137mm から170mm と 読めるため、きずの指示長さは33mm となる。 探触子位置115mm と128mm のところに存在するｴｺｰは、走査ｸﾞﾗﾌ がM 線を下回っているため、きず検出の対象とはならない。,ut_2022_04_q122.png
123,板厚19mm の鋼突合せ溶接部を5Z10×10A70 を用いて、STB-A2 により探傷感度を調整し、検出レベルを L 検出レベルに選定して斜角探傷した。その結果ビーム路程が75mm の位置にエコー高さが70％のきず エコーが検出された。このきずについて、左右走査グラフは図1 のとおりであった。また、エコー高さ 区分線は図２（測定範囲125mm）のとおりである。この場合きずの指示長さはいくらになるか。適する 数値を一つ選び、記号で答えよ。,40,52,55,63,d,L=63 L 線ライン W=107 W=170 題意よりﾋﾞｰﾑ路程は75mm、測定範囲は125mm であるため図2 のよう な位置にきずｴｺｰが検出される。この位置によるL 線との交点は13％ と読むことができる。図１の左右走査ｸﾞﾗﾌの 13％を超える範囲を読 み取ると107mm から170mm の範囲となり、きずの指示長さは63mm と なる。ただし、147mm から157mm の範囲で13％を下回るが、その長さ が図1 の左側の13％を超える範囲（107～147mm）以下のため、同一 きず群と見なし、107～170mm の範囲をきずの指示長さとする。,ut_2022_04_q123.png
124,次の文は、超音波探傷試験における林状エコーについて述べたものである。正しいものを一つ選び、 記号で答えよ。,林状エコーは、試験体中の結晶粒界による超音波の散乱によって生じる。,広帯域探触子を使うと、林状エコーが高くなる。,試験周波数を高めると、林状エコーが低くなる。,パルス繰返し周波数を高めると、林状エコーが低くなる。,a,超音波の周波数が高い場合や結晶粒が粗大な場合には、散乱減衰が 大きく、結晶粒界における散乱などにより林状エコーが表れやすい。 広帯域(高分解能)探触子を使用すれば組織が粗い試験体のＳＮ比の 向上が期待できる,
125,次の文は、平板継手溶接部をJIS Z 3060 により探傷し、検出されたきずの評価について述べものであ る。 ～ に適する文章および数値をそれぞれ一つ選び、記号で答えよ。 厚さ20mm の鋼突合せ溶接部を、JIS Z 3060 により超音波探傷をしたところ、同じ断面位置で数箇所か らきずを検出した。きずエコー高さはいずれも領域Ⅲであった。これらのきずは である。また、こ の溶接部のきずの分類は 類である。なお、きずの指示長さおよびきずときずの間隔は、図のとおり である。 a ）きずA、きずB は同一きず群、きずC は独立したきず b ）きずA、きずB、きずC は同一きず群 c ）きずA は独立きず、きずB、きずC は同一きず群 d ）全きずとも独立きず,1,2,3,4,a,"JIS Z 3060 では、近接したきずの取扱いは『同一と見なされる深さ 及び溶接線に直角方向の位置において、きずときずの間隔が大きい 方のきずの指示長さと同じか又はそれより短い場合は同一きず群と みなす。同一きず群の指示長さは、それらを間隔を含めて連続した 一つのきずとして指示長さを求める。きずときずの間隔が両者のき ずのうち、大きい方のきず指示長さより長い場合は、それぞれ独立 したきずとみなす。』となっている。よってA,B は同一きず群で、C は独立したきずである。 またきず指示長さはA、B の同一きず群は、A,B 共きずの指示長さが 20 ㎜でその間隔が10 ㎜であるため、20+10+20=50mm となり、表から 4 類、C はきず指示長さが10 ㎜で表から2 類となり、この溶接部の きずの分類は4 類である。",ut_2022_04_q125.png
127,次の文は、垂直探傷における残留エコーの発生について述べたものである。正しいものを一つ選び、 記号で答えよ。,幅の狭い材料を、低い周波数の探触子を用いて探傷したために発生した。,厚板の探傷において、探傷周波数を高くしたために発生した。,減衰の小さい材料の探傷において、パルス繰返し周波数が高すぎたために発生した。,高減衰材を高い周波数で探傷したために発生した。,c,残留ｴｺｰとは、ﾊﾟﾙｽ反射法において試験体中のｴｺｰが、次のﾊﾟﾙｽが送信 された後も残っているため、受信されて探傷図形に現れるｴｺｰであ る。ｺﾞｰｽﾄｴｺｰともいう。 減衰の少ない材料を探傷する場合、ﾊﾟﾙｽ繰返し周波数が高いと、一つ 前のﾊﾟﾙｽが残ってしまい、残留ｴｺｰとして現れる。 この場合、ﾊﾟﾙｽ繰返し周波数を低くするとよい。,
128,次の文は、保守検査に超音波探傷がよく利用されている理由について述べたものである。正しいもの を一つ選び、記号で答えよ。,使用中の材料や構造物に発生する割れなどのきずの探傷が容易に可能である。,板厚方向の反射源の位置測定が可能であるため、超音波探傷器による厚さ測定が一般的である。,超音波探傷は、他のNDT 手法に比べて、高所作業や密閉箇所の内部の検査に、遠隔作業が比較的容易で ある。,集束探触子を用いた水浸法による介在物探傷や、減衰測定による材料の結晶粒度など、材料の物理的 特性を測定することができる。,a,保守検査で実施する非破壊検査の目的は製造時に発生したきずの検 出とは異なり、使用中に発生するきずや損傷、腐食減肉、材料の劣化 など、機器の装置の運転に際してﾄﾗﾌﾞﾙの原因になると考えられる異 常部を検出することである。超音波探傷試験は、放射線透過試験に比 べて以下の利点を有しており、保守検査に有効に利用されている。 (1)裏面に開口したきずの検出が容易である。 (2)試験体の厚さ方向の情報が得られる。 (3)片面から探傷が可能である。 (4)安全面での管理が容易である。 (5)材料評価が可能である。 特に(1)にあるように、使用中の材料や構造物に発生した疲労割れや 応力腐食割れなどの検出では、斜角探傷により検出が容易で、効率よ く探傷が可能である。 板厚測定は超音波探傷器ではなく、超音波厚さ計を用いる場合が多 い。,
129,次の文は、JIS G 0801 によって、探触子5C20N を用いて板厚19mm の厚鋼板を垂直探傷し、探傷図形に 「積算効果」が現れたときの評価について述べたものである。正しいものを一つ選び、記号で答えよ。,板厚30mm を超える厚鋼板の探傷と同様に、Ｆ１で評価すべきである。,板厚30mm 以下であるからＦ２で評価すべきである。,板厚30mm 以下であるからＦ３で評価すべきである。,Ｆエコーの最大値で評価すべきである。,a,小さいきずの場合、きずｴｺｰの位置は送信ﾊﾟﾙｽと底面ｴｺｰの間に現れ るが、ｴｺｰ高さは小さい。 しかし、多くの場合、1 回目のきずｴｺｰF よりも、2 回目、3 回目の 1 きずｴｺｰの方が高く現われる。この現象を積算効果という。 これは、反射経路が2 回目以降増えていくためで、試験体の厚さに もよるが、数回目まで高くなり、次第にｴｺｰ高さは低くなる。 積算効果は比較的板厚が薄い、減衰の少ない、底面反射回数の多い鋼 板の試験体によく見られる。また、きずｴｺｰを評価する場合、たとえ 2 回目、3 回目のｴｺｰ高さが高くても、F で評価を行なう。 1,
130,次の文は、林状エコーに対する対策について述べたものである。正しいものを一つ選び、記号で答えよ。,林状エコーが多数発生する試験体の探傷では、振動子が小さい探触子を用いる。,林状エコーが多数発生する試験体の探傷では、狭帯域探触子を用いる。,林状エコーが多数発生する試験体の探傷では、広帯域探触子を用いる。,林状エコーが多数発生する試験体の探傷では、高い周波数の探触子を用いる。,c,超音波の波長が金属の結晶粒の大きさと同程度ないしそれ以下のと き、すなわち周波数が高すぎる場合、又は結晶粒が粗大な場合には、 散乱減衰が大きく、また、結晶粒界における散乱などによる林状ｴｺｰ が現れて、きずの検出が困難になる。このような場合、低い周波数を 適用する。広帯域探触子は周波数範囲が広くｴｺｰの幅が短く分解能が 良い。これを組織の粗い試験体に用いるとSN 比の向上が期待できる。,
131,板厚15mm の鋼溶接部をJIS Z 3060 に従って（直射法により）L 検出レベルで探傷したところ、 溶接始端部から30mm の位置で、領域Ⅲ、指示長さ20mm のきずエコーが検出され、4 類と分類 された。このきずを、溶接部の反対側から探傷したところ、溶接始端部から35mm の位置に、領 域Ⅱ、指示長さ15mm のきずエコーが検出され、3 類と分類された。次の文は、このきずの評価 について述べたものである。きずの評価について正しいものを一つ選び、記号で答えよ。,このきずの分類は3 類である。,このきずの分類は4 類である。,このきずの分類は5 類である。,溶接部の両側で評価が異なった場合、きずの始端、終端の位置に関係なくきずの指示長さの短 い方の探傷結果で評価する。,b,JIS Z 3060 の10.2.2.3 きず指示長さでは、『一つのきずに対して、 異なる屈折角の複数の探触子で検出した場合、又は異なる探傷面か らの探傷で検出した場合は、それぞれの探触子又は探傷面できずの 指示長さを求め、それぞれのきずの指示長さのうち、最大となるもの を該当きずの指示長さとする。』とある。 この問題では、指示長さ20mm・4 類と反対側で15mm・3 類を検出して いるので、指示長さの長い方20mm・4 類が評価の対象となる。 よってb)のこのきずの分類は4 類である。が正しい。,
132,細長い軸類を長手方向に垂直探傷するとき、段付き部などの遅れエコーが現れてきずエコーと見誤る ことが多い。次の文は、この現象に最も強く影響している原因について述べたものである。正しいも のを一つ選び、記号で答えよ。,試験体が細長いため、広がった超音波の一部が側面に当たり縦波で反射するためビーム路程が長くなる。,往復の間に側面に当たり、縦波から横波に、変換した超音波が段付き部などから反射して発生する。,縦波の探触子を使用しても、若干横波も出る。感度を上げれば、その横波によるエコーが遅れて現れる。,縦波が側面にあたり、円柱面エコーが生じ、段付き部のエコーよりも遅れて検出される。,b,超音波ﾋﾞｰﾑの拡がりにより縦波超音波の一部が側面に斜め入射する と、反射時に一部の超音波がﾓｰﾄﾞ変換（縦波⇒横波）を起こす。この 横波の超音波が反対側の側面に斜め入射し、また反射時に横波の超 音波の一部がﾓｰﾄﾞ変換（横波⇒縦波）を起こすというような経路で探 触子に戻ってくる。ﾓｰﾄﾞ変換を起こした超音波は伝搬距離が長く、底 面ｴｺｰB より遅れて受信される。このｴｺｰを遅れｴｺｰという。試験体が 鋼の場合、底面ｴｺｰと遅れｴｺｰの差ΔＷn は ΔＷn=0.76nd で求められる。,
133,次の文は、NDT に関する技術文書について述べたものである。正しいものを一つ選び、記号で答えよ。,NDT 手順書及びNDT 指示書については、レベル3 技術者が作成しなければならない。,NDT 指示書は、レベル1 技術者が修正してもよい。,NDT 指示書は、レベル2 以上の技術者が作成する。,NDT 仕様書は、レベル3 技術者が作成する。,c,a)NDT 手順書はﾚﾍﾞﾙ3 が作成するが、NDT 指示書はﾚﾍﾞﾙ２以上の技術 者が作成できる。 b)ﾚﾍﾞﾙ１技術者は、NDT 方法若しくは技法の選択又はNDT 結果の解釈 について責任を負ってはならない。 d)NDT 仕様書は顧客の要求事項を提示した文書であり、ﾚﾍﾞﾙ3 が作成 するものではない。,
134,次の文は、JIS Z 3060 による探傷装置の調整及び点検について述べたものである。正しいものを一つ 選び、記号で答えよ。,測定範囲及び探傷感度は作業開始時に調整しなければならないが、入射点及びSTB 屈折角は継続して 使用している場合は前日の値を使用してもよい。,測定範囲及び探傷感度は作業開始時、作業開始から4 時間以内ごと及び作業終了時に点検し確認し なければならない。,再点検時、探傷感度が直前の調整又は確認時より3dB 低下している場合は、再調整し直前に調整又は 確認した以後に実施した試験を再試験する。,再点検時、探傷感度が直前の調整又は確認時より3dB 増加している場合は、再調整し直前に調整又は 確認した以後に実施した試験で、きずを検出した部分を再試験する。,b,JIS Z 3060 の9.1.7 探傷装置の測定、調整及び点検では、『入射点、 STB 屈折角、測定範囲及び探傷感度は、作業開始時に測定及び調整す る。また、これらは作業開始後4 時間以内ごと及び作業終了時に点検 し、これらの条件の変化量を確認する。条件が変化している場合は下 表の処置を行う。』とあり、a)は誤りで、b)は正しい。 条件の変化量とその処置は下表のようである。 STB 屈折角が維持されていない場合の処置 変化の範囲 処置の内容 公称屈折角の±２°以内 再調整して作業を継続する。 公称屈折角の±２°を超 交換又は補修を行い、直前の調整又は点検以上に実施 えるもの した試験を再試験する。 測定範囲が維持されていない場合の処置 変化の範囲 処置の内容 ±2%以内 再調整して作業を継続する。 ±2%を超えるもの 再調整し、直前の調整又は点検以降に実施した試験を 再試験する。,
